126,10,0.686841901,1100,3,13699,7201.0,4949.0,126.75,126.03,7,0.7607,0.7542,612922,0.7236,0.7236,0.5171,0.7236,0.8476,0.7876,1097850600.0,89,66,998046.0,89.0,89.0,89.0,89.0,89.0,0.9271,0,0,0,5,0,0,0.7318,0.72124,0.74928,5.0,0.026826,1.037424,0.8338,0.84284,0.82592,5.0,0.7571,0.75878,0.76782,5.0,0
121,10,0.782775931,1100,3,84645,240.0,1625.0,123.52,121.35,7,0.6555,0.6555,245815,0.6341,0.6341,0.3909,0.6667,0.6903,0.6903,844945920.0,78,50,754416.0,78.0,78.0,78.0,78.0,78.0,0.8478,0,0,0,6,0,0,0.65705,0.64069,0.6262,6.0,0.107658,-0.915138,0.72515,0.70127,0.687067,6.0,0.67775,0.66995,0.64205,6.0,0
126,10,0.500079985,1100,3,83607,1800.0,1527.0,127.76,126.49,7,0.7542,0.7542,1385872,0.7542,0.7542,0.5508,0.7542,0.8091,0.7807,1308477911.0,89,54,1037651.0,89.0,89.0,100.43,94.37,89.0,0.9175,0,0,0,13,0,0,0.7471,0.75878,0.654685,13.0,0.208224,-1.332533,0.80455,0.80819,0.709346,13.0,0.7471,0.75878,0.656654,13.0,0
134,10,0.439874254,1100,3,82642,7542.0,1730.0,132.94,133.58,7,0.8017,0.7881,704687,0.7881,0.7881,0.5923,0.7881,0.823,0.8158,1472751720.0,93,55,1115721.0,93.0,93.0,114.63,102.92,93.0,0.9688,0,0,0,4,0,0,0.77405,0.78929,0.750675,4.0,0.043725,-0.947279,0.8115,0.8207,0.8009,4.0,0.77405,0.78929,0.761825,4.0,0
109,9,0.502748934,2900,4,79124,89.0,491.0,122.72,112.77,6,0.5263,0.5263,51985,0.5263,0.5263,0.3044,0.5405,0.5556,0.5455,1442916000.0,60,21,536400.0,60.0,60.0,60.0,60.0,60.0,0.8451,0,0,0,26,0,0,0.60315,0.53367,0.69615,26.0,0.062251,-0.950251,0.7178,0.59004,0.810285,26.0,0.61315,0.53367,0.715869,26.0,0
126,9,0.691953881,2900,4,14448,1514.0,4176.0,127.74,126.23,6,0.807,0.748,764587,0.7541,0.7077,0.5212,0.7863,0.8598,0.8,2777817088.0,92,64,1083392.0,92.0,92.0,113.4,101.82,92.0,0.9293,0,0,0,22,0,0,0.78385,0.72693,0.737486,22.0,0.094485,-0.56462,0.8799,0.86382,0.812105,22.0,0.804,0.7632,0.746505,22.0,0
121,9,0.985673501,2900,4,13026,4565.0,263.0,126.36,122.09,6,0.7739,0.7739,542244,0.7739,0.7417,0.5378,0.8091,0.8165,0.8165,3193176888.0,89,64,1045572.0,89.0,89.0,89.0,89.0,89.0,0.9674,0,0,0,23,0,0,0.79085,0.74753,0.771352,23.0,0.061561,-0.249323,0.87825,0.82485,0.878952,23.0,0.80695,0.78651,0.787239,23.0,0
128,9,0.385777727,2900,4,79244,6597.0,3592.0,127.19,127.89,6,0.8596,0.7967,17175731,0.8033,0.7538,0.5868,0.8376,0.9159,0.8522,3127331312.0,98,75,1219708.0,98.0,98.0,120.79,108.46,98.0,0.9899,0,0,0,17,0,0,0.7269,0.73842,0.739165,17.0,0.092005,-0.928703,0.83795,0.89431,0.820518,17.0,0.74835,0.77703,0.757388,17.0,1
126,9,0.745471218,2900,4,78920,3058.0,112.0,123.89,125.53,6,0.8684,0.8049,1560191,0.8115,0.7615,0.5705,0.8462,0.9252,0.8609,3040701444.0,99,72,1185921.0,99.0,99.0,122.03,109.56,99.0,1.0,0,0,0,7,0,0,0.76075,0.76535,0.657429,7.0,0.277441,-1.211526,0.8926,0.92268,0.741457,7.0,0.80245,0.80441,0.680543,7.0,0
127,9,0.580560874,2900,4,83442,684.0,1141.0,127.0,127.39,6,0.8534,0.8534,339011,0.839,0.839,0.6883,0.839,0.8919,0.8919,3130831440.0,99,66,1293732.0,99.0,99.0,138.55,116.52,99.0,0.9612,0,0,0,5,0,0,0.7995,0.8251,0.77922,5.0,0.03544,0.911271,0.86595,0.88271,0.84796,5.0,0.8267,0.84806,0.80986,5.0,0
115,9,0.611157666,1300,3,6901,685.0,2437.0,117.25,115.03,14,0.8276,0.8136,70132,0.8136,0.8136,0.5577,0.8136,0.8496,0.8421,1382621184.0,96,53,1050624.0,96.0,96.0,96.0,96.0,96.0,0.9057,0,0,0,15,0,0,0.7868,0.80224,0.755167,15.0,0.057183,0.302215,0.8448,0.84464,0.809227,15.0,0.7968,0.80224,0.760373,15.0,0
120,9,0.801254733,1300,3,13026,4566.0,982.0,118.14,119.56,14,0.7177,0.7177,0,0.7236,0.7177,0.4852,0.7236,0.8018,0.7946,1407656752.0,89,37,918836.0,89.0,89.0,89.0,89.0,89.0,0.8641,0,0,0,90,0,0,0.74885,0.72593,0.799627,90.0,0.077707,-1.030597,0.8309,0.80162,0.852749,88.0,0.75885,0.72593,0.804891,90.0,0
130,9,0.574089931,1300,3,8563,5264.0,3566.0,127.1,129.17,14,0.8051,0.8051,12158352,0.8051,0.8051,0.5797,0.8051,0.819,0.819,1441473000.0,95,57,1092025.0,95.0,95.0,95.0,95.0,95.0,0.9048,0,0,0,81,0,0,0.78255,0.79459,0.773095,81.0,0.225901,-1.428818,0.8195,0.8171,0.856674,76.0,0.79255,0.79459,0.819195,77.0,0
119,9,0.445186545,1300,3,2456,8236.0,983.0,122.79,119.79,14,0.7876,0.7607,2228468,0.7236,0.7177,0.5312,0.7807,0.8091,0.7946,1549189180.0,89,41,1005967.0,89.0,89.0,109.7,98.5,89.0,0.8641,0,0,0,70,0,0,0.79885,0.73593,0.798536,70.0,0.11105,-1.742888,0.86455,0.81819,0.853863,70.0,0.82035,0.77463,0.814426,69.0,0
116,9,0.092193429,1300,3,83726,3059.0,1731.0,121.9,116.94,14,0.8793,0.8644,704838,0.8644,0.8644,0.6848,0.8718,0.9107,0.8947,1702926720.0,102,60,1290096.0,102.0,102.0,125.72,112.88,102.0,0.9903,0,0,0,60,0,0,0.8322,0.85796,0.816707,60.0,0.069488,-0.946539,0.88535,0.90963,0.85732,59.0,0.8422,0.85796,0.825445,60.0,0
123,9,0.466685486,1300,3,9128,6864.0,6316.0,124.28,123.2,14,0.7983,0.7724,6559743,0.7724,0.7724,0.5845,0.7917,0.8407,0.8407,1255603125.0,95,62,1128125.0,95.0,95.0,95.0,95.0,95.0,0.9406,0,0,0,70,0,0,0.7462,0.76516,0.796639,70.0,0.113193,-1.69827,0.80035,0.82663,0.850733,70.0,0.7462,0.76516,0.804506,70.0,0
130,9,0.437883057,1300,3,11255,3679.0,2969.0,129.74,130.0,14,0.9292,0.8974,1452127,0.8537,0.8468,0.7569,0.9211,0.9459,0.9211,2207205000.0,105,77,1433250.0,105.0,105.0,138.75,120.19,105.0,0.9459,0,0,0,54,0,0,0.8034,0.83212,0.813783,54.0,0.129254,-1.675873,0.90295,0.93131,0.862226,54.0,0.8787,0.88766,0.825804,54.0,1
125,9,0.681168514,1300,3,14184,332.0,1528.0,121.88,124.16,14,0.8319,0.8049,259490,0.8049,0.8049,0.589,0.8049,0.9,0.8534,1250607600.0,99,70,1136916.0,99.0,99.0,99.0,99.0,99.0,0.934,0,0,0,62,0,0,0.82245,0.80441,0.813179,62.0,0.075399,-1.245031,0.89,0.9,0.867844,62.0,0.82245,0.80441,0.823461,62.0,0
130,9,0.655731902,1300,3,113,6611.0,2795.0,125.93,128.81,14,0.7881,0.7881,4963974,0.7881,0.7881,0.5372,0.7949,0.8158,0.8017,1335751560.0,93,39,1011933.0,93.0,93.0,93.0,93.0,93.0,0.8378,0,0,0,22,0,0,0.76405,0.77929,0.798741,22.0,0.039878,-1.007784,0.7979,0.80422,0.8418,22.0,0.76405,0.77929,0.803995,22.0,0
114,9,0.810727922,1300,3,9836,241.0,1626.0,119.57,114.95,14,0.7966,0.7966,118935,0.7966,0.7966,0.5769,0.8034,0.8868,0.8246,1450915380.0,94,64,1086828.0,94.0,94.0,94.0,94.0,94.0,1.0,0,0,0,20,0,0,0.7783,0.78694,0.75534,20.0,0.076756,-1.151689,0.8634,0.87812,0.81734,20.0,0.7783,0.79694,0.76252,20.0,0
129,9,0.417461636,1300,3,13317,7543.0,1801.0,128.89,129.0,14,0.8879,0.8729,2683633,0.8729,0.8729,0.7265,0.8729,0.9115,0.9035,1801026276.0,103,78,1368561.0,103.0,103.0,103.0,103.0,103.0,0.9717,0,0,0,8,0,0,0.84645,0.86561,0.809925,8.0,0.052646,-1.014823,0.90575,0.91035,0.863325,8.0,0.84645,0.86561,0.809925,8.0,0
127,9,0.014417059,1300,3,85723,931.0,6317.0,123.83,126.1,14,0.6379,0.6271,84375,0.6271,0.6271,0.3401,0.6325,0.6789,0.6379,845713440.0,74,23,640692.0,74.0,74.0,74.0,74.0,74.0,0.7048,0,0,0,9,0,0,0.66355,0.62439,0.733689,9.0,0.085833,-0.632459,0.70945,0.68101,0.791156,9.0,0.66355,0.62439,0.7393,9.0,0
116,9,0.258737047,1300,3,13008,2617.0,152.0,121.0,116.77,14,0.7034,0.7034,77232,0.7034,0.7034,0.4498,0.7094,0.783,0.7281,1131208245.0,83,42,847347.0,83.0,83.0,83.0,83.0,83.0,0.883,0,0,0,6,0,0,0.7117,0.70306,0.7117,6.0,0.041025,1.071693,0.7815,0.7847,0.780433,6.0,0.7117,0.70306,0.712633,6.0,0
117,9,0.958125634,1300,3,76973,2039.0,2076.0,120.13,117.27,14,0.5913,0.5862,954067,0.5484,0.5484,0.3007,0.5763,0.6182,0.6071,856198336.0,68,17,550256.0,68.0,68.0,68.0,68.0,68.0,0.7312,0,0,0,4,0,0,0.6342,0.56356,0.67765,4.0,0.077883,-0.937407,0.6991,0.62638,0.752725,4.0,0.6531,0.59758,0.688575,4.0,0
116,9,0.035919284,1800,4,77014,3535.0,2304.0,120.82,116.59,14,0.6552,0.6441,0,0.6441,0.6441,0.371,0.6441,0.6909,0.6667,922542720.0,76,25,698896.0,76.0,76.0,76.0,76.0,76.0,0.8085,0,0,0,16,0,0,0.68205,0.64969,0.699944,16.0,0.080374,-0.623102,0.76545,0.70181,0.769206,16.0,0.69205,0.64969,0.709938,16.0,0
123,9,0.830775117,1800,4,842,686.0,3750.0,120.56,122.29,14,0.8333,0.813,365865,0.813,0.8065,0.563,0.8333,0.8929,0.885,2047400000.0,100,73,1160000.0,100.0,100.0,123.26,110.67,100.0,0.9901,0,0,0,46,0,0,0.79325,0.80585,0.777361,46.0,0.061972,-1.101829,0.88645,0.89361,0.848998,46.0,0.8265,0.8117,0.7877,46.0,0
125,9,0.197708423,1800,4,14694,2040.0,167.0,129.86,126.31,14,0.6613,0.6613,0,0.6667,0.6613,0.4936,0.6667,0.7387,0.7321,1431862352.0,82,40,934636.0,82.0,82.0,82.0,82.0,82.0,0.8454,0,0,0,27,0,0,0.72065,0.67517,0.72847,27.0,0.085339,-1.198865,0.80935,0.75483,0.815052,27.0,0.74065,0.67517,0.742637,27.0,1
120,9,0.788091508,1800,4,6901,242.0,652.0,122.05,120.45,14,0.735,0.7049,1014197,0.735,0.7049,0.4853,0.7288,0.7611,0.7611,1830510000.0,86,53,924500.0,86.0,86.0,106.0,95.18,86.0,0.9053,0,0,0,32,0,0,0.67245,0.68441,0.762325,32.0,0.079714,-1.190926,0.74055,0.74499,0.840828,32.0,0.69245,0.68441,0.794253,32.0,0
120,9,0.277108805,1800,4,79649,3770.0,743.0,123.38,120.3,14,0.8049,0.8049,2491476,0.8049,0.7984,0.5803,0.8182,0.934,0.8839,2169039708.0,99,63,1195722.0,99.0,99.0,122.03,109.56,99.0,0.9612,0,0,0,15,0,0,0.7592,0.78856,0.757787,15.0,0.050459,-0.674224,0.847,0.9106,0.8376,15.0,0.76245,0.79441,0.77234,15.0,0
125,9,0.753886825,1800,4,82384,3715.0,2722.0,125.6,125.37,14,0.8083,0.7886,12169261,0.7886,0.7823,0.5937,0.8291,0.8661,0.8661,2152779200.0,97,68,1223170.0,97.0,97.0,119.56,107.35,97.0,0.9898,0,0,0,9,0,0,0.77115,0.78407,0.7579,9.0,0.05753,0.523483,0.85305,0.86949,0.8339,9.0,0.7843,0.78974,0.760111,9.0,0
128,9,0.945290967,1800,4,1775,769.0,2200.0,126.34,128.09,14,0.8051,0.7661,17173040,0.7724,0.7661,0.6196,0.7724,0.8559,0.8482,1793899250.0,95,59,1173250.0,95.0,95.0,107.2,100.73,95.0,0.9048,0,0,0,18,0,0,0.79305,0.76949,0.761867,18.0,0.075669,-0.99528,0.87795,0.86031,0.847917,18.0,0.81305,0.77949,0.772283,18.0,0
125,9,0.123883578,1800,4,78920,3060.0,1251.0,130.47,126.89,14,0.7581,0.7581,71473,0.7642,0.7581,0.6812,0.7642,0.8468,0.8393,1976365792.0,94,68,1290056.0,94.0,94.0,94.0,94.0,94.0,0.9691,0,0,0,16,0,0,0.74905,0.75229,0.760331,16.0,0.035657,1.070042,0.8334,0.84212,0.858738,16.0,0.78905,0.77229,0.78645,16.0,0
116,9,0.479759679,1800,4,75019,2618.0,886.0,120.06,116.73,14,0.8,0.7805,51408,0.7805,0.7742,0.6035,0.8421,0.8727,0.8571,1759887360.0,96,54,1142784.0,96.0,96.0,118.33,106.24,96.0,0.96,0,0,0,9,0,0,0.7471,0.77678,0.704989,9.0,0.087506,-0.767658,0.85635,0.87543,0.778167,9.0,0.75025,0.78245,0.705689,9.0,0
124,9,0.692377922,1800,4,13641,7202.0,1320.0,126.19,124.63,14,0.8393,0.8393,1947650,0.8103,0.7581,0.5928,0.8319,0.8545,0.8468,2411105828.0,94,62,1157516.0,94.0,94.0,94.0,94.0,94.0,0.9691,0,0,0,18,0,0,0.73905,0.75229,0.768,18.0,0.063276,0.183879,0.83725,0.84905,0.834583,18.0,0.79965,0.82537,0.784922,18.0,0
119,9,0.133329597,1800,4,81224,8237.0,264.0,128.88,120.96,14,0.6048,0.6048,16087,0.6098,0.6048,0.4069,0.6098,0.6757,0.6696,1180597500.0,75,18,770625.0,75.0,75.0,75.0,75.0,75.0,0.7732,0,0,0,25,0,0,0.6324,0.61432,0.724385,26.0,0.158082,-1.540085,0.69785,0.68813,0.792535,26.0,0.6424,0.61432,0.733727,26.0,0
127,9,0.022610604,1800,4,10845,6865.0,2025.0,126.04,126.72,14,0.7456,0.7265,4650352,0.6911,0.6855,0.4348,0.7328,0.7589,0.7522,1576784000.0,85,30,895900.0,85.0,85.0,104.77,94.07,85.0,0.7944,0,0,0,9,0,0,0.73275,0.69695,0.7656,9.0,0.043089,-0.779619,0.81945,0.77301,0.8478,9.0,0.76325,0.73385,0.776911,9.0,0
128,9,0.111764642,1800,4,14629,3169.0,1409.0,127.23,127.31,14,0.6,0.6,1977767,0.576,0.576,0.316,0.6102,0.6154,0.6154,1368576000.0,72,53,622080.0,72.0,72.0,100.76,84.74,72.0,0.8675,0,0,0,12,0,0,0.668,0.5984,0.74335,12.0,0.066188,-1.07811,0.7377,0.64386,0.814525,12.0,0.71,0.62,0.759783,12.0,0
120,9,0.568806834,1800,4,13026,4567.0,264.0,121.81,120.3,14,0.656,0.656,542244,0.656,0.656,0.4201,0.6949,0.7387,0.7387,1819514400.0,82,28,827052.0,82.0,82.0,114.76,96.51,82.0,0.8367,0,0,0,12,0,0,0.718,0.6704,0.72735,12.0,0.056379,-0.507564,0.79935,0.74483,0.816192,12.0,0.728,0.6704,0.739983,12.0,0
125,9,0.522164485,2200,4,77014,1157.0,8588.0,123.63,125.11,13,0.728,0.728,3839832,0.728,0.728,0.5342,0.7712,0.7913,0.7913,2313711400.0,91,70,1051687.0,91.0,91.0,127.35,107.11,91.0,0.9681,0,0,0,5,0,0,0.714,0.7252,0.71192,5.0,0.07396,-0.966185,0.78565,0.79217,0.79242,5.0,0.714,0.7252,0.7205,5.0,0
121,9,0.246969035,2200,4,85131,471.0,9480.0,118.91,120.37,13,0.875,0.8448,282217,0.8305,0.8305,0.5825,0.9074,0.9159,0.8673,2649551520.0,98,70,1094856.0,98.0,98.0,120.79,108.46,98.0,0.9703,0,0,0,9,0,0,0.76525,0.81745,0.730556,9.0,0.049439,0.953643,0.84795,0.90431,0.804,9.0,0.7724,0.83032,0.737267,9.0,0
116,9,0.712800253,2200,4,76973,5951.0,217.0,118.75,116.19,13,0.7059,0.672,1006324,0.672,0.672,0.4193,0.6774,0.7636,0.7304,1814563296.0,84,53,825552.0,84.0,84.0,103.54,92.96,84.0,0.9333,0,0,0,3,0,0,0.676,0.6748,0.681,3.0,0.006237,-1.558255,0.7718,0.76724,0.7755,3.0,0.686,0.6748,0.688467,3.0,0
116,9,0.784987907,2200,4,2496,3536.0,597.0,118.6,116.13,13,0.6723,0.64,3828927,0.64,0.64,0.3771,0.678,0.6957,0.6957,1633280000.0,80,40,742400.0,80.0,80.0,111.96,94.16,80.0,0.8511,0,0,0,5,0,0,0.66,0.646,0.67144,5.0,0.029806,0.54163,0.74785,0.70613,0.76226,5.0,0.68,0.646,0.71034,5.0,0
122,9,0.47474611,2200,4,627,4116.0,5695.0,124.5,122.67,13,0.8,0.7805,3028126,0.7805,0.7742,0.577,0.8067,0.9057,0.8571,2118555648.0,96,68,1188864.0,96.0,96.0,96.0,96.0,96.0,1.0,0,0,0,5,0,0,0.7371,0.76678,0.72462,5.0,0.032954,0.197437,0.84285,0.89513,0.81458,5.0,0.75025,0.77245,0.73992,5.0,0
125,9,0.255858735,2200,4,13317,6866.0,2796.0,125.74,125.19,13,0.8067,0.768,6496929,0.768,0.768,0.5945,0.768,0.8727,0.8348,2628790272.0,96,67,1170432.0,96.0,96.0,118.33,106.24,96.0,0.9796,0,0,0,10,0,0,0.764,0.7712,0.73429,10.0,0.03447,-0.68645,0.86635,0.87543,0.81318,10.0,0.774,0.7712,0.73865,10.0,0
119,9,0.739879085,2200,4,85793,770.0,2723.0,121.32,119.29,13,0.7097,0.7097,820200,0.7154,0.7097,0.4948,0.7586,0.8,0.7857,1443016960.0,88,50,937024.0,88.0,88.0,88.0,88.0,88.0,0.8889,0,0,0,8,0,0,0.70485,0.70873,0.696838,8.0,0.069318,-0.848942,0.8,0.8,0.762463,8.0,0.71485,0.70873,0.704575,8.0,0
130,9,0.800925026,2200,4,83607,3680.0,1573.0,129.5,129.9,13,0.7541,0.7541,1163340,0.748,0.7419,0.5766,0.748,0.7931,0.7931,1681458240.0,92,66,1091856.0,92.0,92.0,92.0,92.0,92.0,0.8846,0,0,0,3,0,0,0.72095,0.73771,0.712333,3.0,0.02673,-0.860165,0.77655,0.79379,0.7725,3.0,0.72705,0.74869,0.718233,3.0,0
117,9,0.796425089,2200,4,13026,3771.0,589.0,120.86,117.73,13,0.5565,0.5565,1686653,0.561,0.5565,0.3118,0.5948,0.6273,0.6161,909160560.0,69,6,590364.0,69.0,69.0,69.0,69.0,69.0,0.697,0,0,0,11,0,0,0.61825,0.57085,0.692655,11.0,0.08319,-1.138558,0.69365,0.64457,0.761827,11.0,0.63825,0.57085,0.702409,11.0,0
125,9,0.843724717,2200,4,393,7544.0,4545.0,126.0,125.4,13,0.8596,0.7967,18422844,0.8033,0.7538,0.6006,0.8376,0.9159,0.8522,3306080960.0,98,66,1248520.0,98.0,98.0,137.15,115.35,98.0,0.9333,0,0,0,6,0,0,0.7169,0.73842,0.707017,6.0,0.056222,-0.677302,0.84795,0.89431,0.808867,6.0,0.74835,0.78703,0.723083,6.0,0
128,9,0.632823477,2200,4,6901,4568.0,1499.0,127.69,127.83,13,0.728,0.728,3023093,0.728,0.728,0.53,0.7339,0.7913,0.7778,2272538268.0,91,65,1043406.0,91.0,91.0,120.25,104.17,91.0,0.9286,0,0,0,4,0,0,0.724,0.7252,0.72835,4.0,0.02136,1.224846,0.80565,0.79217,0.8104,4.0,0.724,0.7252,0.7312,4.0,0
125,9,0.920033032,2200,4,78920,3061.0,3140.0,125.19,125.0,13,0.784,0.784,1565370,0.784,0.784,0.6098,0.8305,0.9074,0.8522,2649503500.0,98,82,1200500.0,98.0,98.0,129.5,112.18,98.0,0.9899,0,0,0,4,0,0,0.762,0.7856,0.738325,4.0,0.050758,-1.068973,0.8637,0.89666,0.824125,4.0,0.772,0.7856,0.7609,4.0,0
122,9,0.451065385,2200,4,8563,631.0,2547.0,125.07,122.61,13,0.8684,0.8049,9383293,0.8115,0.7615,0.6035,0.8462,0.9252,0.8609,3321990144.0,99,66,1254528.0,99.0,99.0,138.55,116.52,99.0,0.9429,0,0,0,4,0,0,0.76075,0.76535,0.7569,4.0,0.01235,1.136764,0.8826,0.92268,0.855025,4.0,0.80245,0.80441,0.80165,4.0,1
139,10,0.825400918,3800,4,13317,24.0,99.0,131.48,136.88,15,0.7043,0.7043,1686653,0.7043,0.675,0.3949,0.7364,0.7431,0.7431,2344363398.0,81,30,767637.0,81.0,81.0,81.0,81.0,81.0,0.8804,0,0,0,80,0,0,0.6275,0.6575,0.802684,80.0,0.076117,-1.176215,0.69155,0.71879,0.87713,80.0,0.65215,0.68387,0.82508,80.0,0
144,10,0.589793121,3800,4,8563,197.0,1604.0,132.13,141.77,15,0.8407,0.819,9399237,0.812,0.812,0.6018,0.8261,0.8407,0.8407,3875696000.0,95,44,1101050.0,95.0,95.0,132.95,111.81,95.0,0.9314,0,0,0,39,0,0,0.826,0.8208,0.743351,39.0,0.180656,-1.522188,0.89035,0.85663,0.824515,39.0,0.8295,0.8271,0.765259,39.0,0
142,10,0.722167101,3800,4,13317,,596.0,129.26,139.48,15,0.7652,0.7652,3840048,0.7652,0.7333,0.4661,0.8,0.8073,0.8073,2767070592.0,88,46,906048.0,88.0,88.0,88.0,88.0,88.0,0.9565,0,0,0,60,0,0,0.78665,0.73997,0.80189,58.0,0.127923,-1.623226,0.85365,0.81657,0.884025,60.0,0.8126,0.77868,0.82055,58.0,0
137,10,0.734429938,3800,4,14184,9.0,2305.0,127.47,134.94,15,0.7833,0.7642,988487,0.7642,0.7581,0.4975,0.7833,0.8704,0.8393,1818307424.0,94,48,1024976.0,94.0,94.0,94.0,94.0,94.0,0.9307,0,0,0,41,0,0,0.74905,0.75229,0.732946,41.0,0.063009,-0.799493,0.8752,0.87336,0.835918,40.0,0.7621,0.76778,0.751451,41.0,0
139,10,0.741934429,3800,4,13699,10.0,492.0,129.92,136.81,15,0.6525,0.626,822645,0.6311,0.5923,0.3309,0.6696,0.6696,0.6696,1815696960.0,77,5,687764.0,77.0,77.0,107.76,90.63,77.0,0.7476,0,0,0,11,0,0,0.65615,0.60307,0.694027,11.0,0.080446,-0.913493,0.7548,0.68264,0.795345,11.0,0.703,0.6434,0.725764,11.0,0
154,10,0.102262752,3800,4,83247,50.0,1085.0,143.39,151.5,15,0.823,0.8017,50274,0.7949,0.7949,0.6098,0.7949,0.8611,0.823,3927337920.0,93,60,1115721.0,93.0,93.0,93.0,93.0,93.0,0.93,0,0,0,39,0,0,0.78745,0.79541,0.77419,39.0,0.09323,-0.699059,0.87055,0.86499,0.859023,39.0,0.81085,0.81153,0.800918,39.0,0
144,10,0.964468661,3800,4,2456,199.0,4948.0,133.2,141.79,15,0.7257,0.7069,870659,0.7009,0.7009,0.4483,0.713,0.7257,0.7257,2887554560.0,82,12,820328.0,82.0,82.0,114.76,96.51,82.0,0.8039,0,0,0,69,0,0,0.74045,0.71081,0.697707,69.0,0.21361,-1.347866,0.80285,0.74313,0.8368,64.0,0.77345,0.72621,0.724419,69.0,0
150,10,0.626193987,3800,4,78149,66.0,493.0,135.23,146.17,15,0.8376,0.8376,228268,0.8376,0.8376,0.6164,0.8376,0.8829,0.8829,3003372484.0,98,56,1046836.0,98.0,98.0,137.15,115.35,98.0,0.9333,0,0,0,15,0,0,0.8188,0.83384,0.771173,15.0,0.095315,-0.944162,0.87145,0.87461,0.849267,15.0,0.8388,0.83384,0.798573,15.0,0
147,10,0.32821385,3800,4,83445,6.0,5767.0,140.74,145.66,15,0.8318,0.7807,2587882,0.7607,0.7607,0.5801,0.7739,0.8396,0.8018,3736177280.0,89,38,1061414.0,89.0,89.0,136.49,109.5,89.0,0.89,0,0,0,15,0,0,0.76035,0.76463,0.682293,15.0,0.199305,-1.178706,0.8398,0.84564,0.741833,15.0,0.78035,0.78263,0.69756,15.0,0
139,10,0.788616332,3800,4,81224,50.0,323.0,132.65,138.0,15,0.8785,0.8468,800087,0.8174,0.7833,0.5909,0.8785,0.9691,0.8952,3508068720.0,94,45,1148680.0,94.0,94.0,94.0,94.0,94.0,0.9495,0,0,0,30,0,0,0.78165,0.78497,0.736857,30.0,0.050122,0.236267,0.90455,0.95219,0.827083,30.0,0.8134,0.84212,0.74936,30.0,0
156,10,0.306300727,3800,4,627,58.0,5769.0,142.96,153.56,15,0.6508,0.6508,10453817,0.6721,0.6308,0.427,0.7321,0.7455,0.713,2343179520.0,82,36,887568.0,82.0,82.0,114.76,96.51,82.0,0.8367,0,0,0,9,0,0,0.6954,0.64772,0.671344,9.0,0.099427,-0.882894,0.82275,0.76095,0.779644,9.0,0.7354,0.67572,0.699011,9.0,0
157,10,0.402883917,3800,4,78410,287.0,1457.0,139.65,153.61,15,0.9143,0.8496,408301,0.8421,0.8205,0.6287,0.8276,0.8807,0.8807,3732839424.0,96,61,1133568.0,96.0,96.0,96.0,96.0,96.0,0.9796,0,0,0,14,0,0,0.78025,0.81845,0.685757,14.0,0.104273,-0.72169,0.85035,0.88263,0.758871,14.0,0.8048,0.84464,0.693964,14.0,0
146,10,0.943761374,3800,4,14213,19.0,2046.0,131.95,142.87,15,0.8182,0.7826,3198072,0.7826,0.75,0.475,0.75,0.8411,0.8182,2844072000.0,90,51,923400.0,90.0,90.0,125.96,105.93,90.0,0.9574,0,0,0,7,0,0,0.745,0.745,0.706957,7.0,0.082706,-0.864001,0.85055,0.84699,0.8005,7.0,0.7813,0.78434,0.746671,7.0,0
153,10,0.82934835,3800,4,78149,105.0,2724.0,142.82,150.53,15,0.7857,0.7586,542244,0.7521,0.7521,0.5375,0.7652,0.7928,0.7719,3461877760.0,88,38,983488.0,88.0,88.0,134.95,108.27,88.0,0.8713,0,0,0,4,0,0,0.75605,0.75689,0.757575,4.0,0.010248,-2.900445,0.7964,0.79352,0.790025,4.0,0.7793,0.76274,0.785325,4.0,1
150,10,0.615567628,3800,4,80600,41.0,13.0,139.38,148.14,15,0.4766,0.4595,248242,0.4435,0.425,0.1739,0.4636,0.4679,0.4679,1041440400.0,51,0,338130.0,51.0,51.0,71.37,60.03,51.0,0.4904,0,0,0,3,0,0,0.6025,0.4625,0.658,3.0,0.16644,-0.860912,0.64395,0.50111,0.710667,3.0,0.62975,0.49355,0.679,3.0,0
135,9,0.124837363,1800,4,81166,1262.0,485.0,127.31,132.92,8,0.8205,0.7869,687076,0.8205,0.7869,0.5466,0.7869,0.8807,0.8571,2061987840.0,96,48,1041408.0,96.0,96.0,126.85,109.89,96.0,0.8649,0,0,0,14,0,0,0.77345,0.77821,0.72995,14.0,0.056583,-0.834212,0.85035,0.87263,0.796279,14.0,0.77345,0.77821,0.737121,14.0,0
138,9,0.374552339,1800,4,82122,3229.0,35.0,127.71,135.74,8,0.7436,0.7373,5685382,0.7073,0.7073,0.451,0.7073,0.8286,0.7699,957478500.0,87,35,870435.0,87.0,87.0,87.0,87.0,87.0,0.8788,0,0,0,6,0,0,0.67365,0.70657,0.645283,6.0,0.093057,-1.168893,0.7743,0.81574,0.721117,6.0,0.70865,0.73357,0.665217,6.0,0
126,9,0.295720497,1800,4,77014,3933.0,5784.0,126.13,126.02,8,0.7581,0.7581,3172088,0.7642,0.7581,0.5879,0.7642,0.8468,0.8393,1714537440.0,94,78,1113336.0,94.0,94.0,115.86,104.03,94.0,0.9792,0,0,0,8,0,0,0.75905,0.76229,0.711113,8.0,0.128624,-1.270524,0.8534,0.85212,0.778438,8.0,0.76905,0.76229,0.712675,8.0,1
126,9,0.616987552,1800,4,2456,2963.0,69.0,126.0,125.76,8,0.6389,0.6389,2833395,0.5565,0.5565,0.32,0.6161,0.6449,0.633,920567916.0,69,11,585603.0,69.0,69.0,69.0,69.0,69.0,0.7582,0,0,0,2,0,0,0.60825,0.57085,0.60485,2.0,0.048555,-0.78982,0.68245,0.65041,0.6873,2.0,0.64945,0.64501,0.64605,2.0,0
126,9,0.002399765,1800,4,75019,3954.0,2438.0,127.14,126.3,8,0.7236,0.7236,11918133,0.7236,0.7177,0.4959,0.7417,0.7946,0.7876,1875019515.0,89,73,1021809.0,89.0,89.0,89.0,89.0,89.0,0.9368,0,0,0,7,0,0,0.62885,0.70593,0.595871,7.0,0.247951,-1.236889,0.8073,0.79514,0.787643,7.0,0.6318,0.72124,0.604371,7.0,0
138,9,0.710425702,1800,4,76730,3751.0,200.0,133.32,137.1,8,0.65,0.6341,811445,0.6341,0.629,0.4145,0.6341,0.7027,0.6964,1208647440.0,78,23,784836.0,78.0,78.0,78.0,78.0,78.0,0.8125,0,0,0,4,0,0,0.6345,0.6361,0.620825,4.0,0.043025,-0.711545,0.70135,0.70243,0.698625,4.0,0.63705,0.64069,0.624825,4.0,0
118,10,0.449446056,1800,4,13699,3955.0,2439.0,120.9,118.5,10,0.7069,0.7069,7366486,0.6949,0.6949,0.44,0.6949,0.7593,0.7387,2001465840.0,82,14,827052.0,82.0,82.0,82.0,82.0,82.0,0.7885,0,0,0,9,0,0,0.68745,0.69541,0.688178,9.0,0.032663,0.799477,0.77965,0.76337,0.778667,9.0,0.70345,0.70621,0.705567,9.0,0
116,10,0.000574186,1800,4,78441,992.0,2227.0,122.5,117.3,10,0.6762,0.6574,2127136,0.5726,0.5726,0.3554,0.6339,0.6339,0.6339,1022254308.0,71,20,650289.0,71.0,71.0,71.0,71.0,71.0,0.7245,0,0,0,3,0,0,0.5763,0.57534,0.580667,3.0,0.023663,-1.262292,0.63695,0.64051,0.642867,3.0,0.6487,0.65166,0.639767,3.0,0
120,10,0.88159458,1800,4,83919,6016.0,1997.0,119.07,119.63,10,0.7712,0.7339,722055,0.7398,0.7339,0.5073,0.7583,0.8505,0.8125,1479317840.0,91,48,960596.0,91.0,91.0,112.17,100.71,91.0,0.9381,0,0,0,6,0,0,0.66695,0.71051,0.64445,6.0,0.069887,-0.607331,0.76525,0.82545,0.7246,6.0,0.67695,0.71051,0.651617,6.0,0
116,10,0.015656226,1800,4,13641,4002.0,2407.0,118.44,116.48,10,0.744,0.744,3963855,0.744,0.744,0.5316,0.75,0.8532,0.8378,2250037350.0,93,43,1046529.0,93.0,93.0,114.63,102.92,93.0,0.9118,0,0,0,6,0,0,0.712,0.7396,0.645533,6.0,0.092933,-1.030604,0.8066,0.84788,0.730567,6.0,0.722,0.7396,0.662783,6.0,0
130,10,0.359633783,1800,4,14213,5117.0,1774.0,127.44,129.33,10,0.7647,0.728,3476799,0.728,0.728,0.5174,0.728,0.8273,0.7913,2287692498.0,91,56,1018563.0,91.0,91.0,112.17,100.71,91.0,0.9286,0,0,0,4,0,0,0.674,0.7152,0.6557,4.0,0.04618,0.878842,0.76365,0.81457,0.731825,4.0,0.674,0.7152,0.660775,4.0,0
127,10,0.305524789,1800,4,3659,818.0,2053.0,127.0,127.01,10,0.7288,0.6935,6118575,0.6992,0.6935,0.496,0.7167,0.8037,0.7679,1446509680.0,86,48,939292.0,86.0,86.0,106.0,95.18,86.0,0.8866,0,0,0,5,0,0,0.69675,0.69415,0.69544,5.0,0.020572,-0.724852,0.79185,0.80333,0.75976,5.0,0.71675,0.69415,0.71776,5.0,1
120,10,0.329071579,1800,4,82642,1185.0,1199.0,119.18,119.92,10,0.8087,0.8017,735532,0.75,0.75,0.5672,0.7881,0.8532,0.8532,1702123200.0,93,48,1037880.0,93.0,93.0,114.63,102.92,93.0,0.9588,0,0,0,8,0,0,0.745,0.755,0.679425,8.0,0.083855,0.233325,0.8166,0.84788,0.730825,8.0,0.77085,0.80153,0.69035,8.0,0
119,10,0.722663398,1800,4,75237,2964.0,70.0,122.0,119.68,10,0.6581,0.6525,720220,0.626,0.626,0.387,0.6417,0.6696,0.6638,821759400.0,77,35,747054.0,77.0,77.0,77.0,77.0,77.0,0.8021,0,0,0,3,0,0,0.603,0.6334,0.600367,3.0,0.105957,-0.722869,0.6548,0.67264,0.652567,3.0,0.62625,0.65725,0.620567,3.0,0
127,10,0.076558603,1800,4,6901,6029.0,2441.0,124.25,126.48,10,0.8174,0.8103,4884904,0.8103,0.8103,0.603,0.8103,0.8246,0.8246,2049262792.0,94,57,1077992.0,94.0,94.0,94.0,94.0,94.0,1.0,0,0,0,4,0,0,0.73515,0.79927,0.700175,4.0,0.066745,0.956143,0.7823,0.82214,0.756525,4.0,0.74515,0.79927,0.705725,4.0,0
120,10,0.335824367,1800,4,2572,3430.0,1637.0,119.75,120.01,10,0.6917,0.6748,1568112,0.6748,0.6694,0.4012,0.686,0.7477,0.7345,1454956800.0,83,36,826680.0,83.0,83.0,102.31,91.86,83.0,0.8646,0,0,0,3,0,0,0.6147,0.66246,0.593967,3.0,0.084873,-0.857175,0.69385,0.74293,0.6706,3.0,0.6174,0.66732,0.599767,3.0,0
113,10,0.850447922,1100,3,75464,505.0,92.0,118.76,114.42,7,0.7899,0.7642,164732,0.7642,0.7642,0.586,0.7833,0.8545,0.8319,1244108800.0,94,65,1131008.0,94.0,94.0,94.0,94.0,94.0,0.9895,0,0,0,122,0,0,0.7721,0.76778,0.800166,122.0,0.078866,-1.138072,0.85725,0.85905,0.855722,122.0,0.7821,0.76778,0.807786,122.0,0
113,10,0.6062596,1100,3,9268,321.0,693.0,114.02,113.1,7,0.6723,0.6504,5323,0.6504,0.6504,0.378,0.6504,0.7339,0.708,805478400.0,80,26,729600.0,80.0,80.0,80.0,80.0,80.0,0.8,0,0,0,59,0,0,0.6552,0.65536,0.716583,59.0,0.103442,-1.048911,0.72695,0.74051,0.784247,59.0,0.6552,0.65536,0.725619,59.0,0
123,10,0.113496284,1100,3,82122,168.0,234.0,125.7,123.91,7,0.7479,0.7236,910209,0.7236,0.7236,0.5458,0.7417,0.8091,0.7876,1158842300.0,89,52,1053493.0,89.0,89.0,89.0,89.0,89.0,0.9368,0,0,0,43,0,0,0.6918,0.72124,0.760291,43.0,0.072191,-1.081232,0.77455,0.80819,0.823346,41.0,0.6918,0.72124,0.76943,43.0,0
122,10,0.96857744,1100,3,75464,3934.0,5785.0,122.01,121.83,7,0.8235,0.7967,57256,0.7967,0.7967,0.5971,0.8167,0.8673,0.8673,1267728000.0,98,63,1152480.0,98.0,98.0,98.0,98.0,98.0,0.9515,0,0,0,63,0,0,0.78835,0.79703,0.757532,63.0,0.199383,-1.390167,0.86365,0.86057,0.814715,62.0,0.78835,0.79703,0.766129,63.0,0
130,10,0.502398378,1100,3,14522,6017.0,1856.0,126.71,129.31,7,0.8487,0.8211,610285,0.8211,0.8211,0.6501,0.8417,0.8938,0.8938,1380195300.0,101,66,1254723.0,101.0,101.0,101.0,101.0,101.0,0.9806,0,0,0,73,0,0,0.79055,0.80899,0.757292,73.0,0.105361,-1.128242,0.8569,0.88442,0.81466,73.0,0.79055,0.80899,0.764641,73.0,0
125,10,0.239757212,1100,3,78935,6030.0,316.0,124.5,124.82,7,0.7542,0.7542,164732,0.7542,0.7542,0.5214,0.7542,0.8091,0.7807,1296509280.0,89,45,982204.0,89.0,89.0,89.0,89.0,89.0,0.8725,0,0,0,36,0,0,0.7371,0.74878,0.744683,36.0,0.06048,-0.915029,0.80455,0.80819,0.802617,36.0,0.7371,0.74878,0.749089,36.0,1
119,10,0.532968004,1100,3,82122,3752.0,201.0,120.94,119.4,7,0.6721,0.6721,1151420,0.7009,0.6721,0.4341,0.6949,0.7664,0.7523,1688013132.0,82,28,827052.0,82.0,82.0,108.35,93.86,82.0,0.8542,0,0,0,13,0,0,0.69605,0.67489,0.644077,13.0,0.077133,-0.782579,0.7832,0.77976,0.721131,13.0,0.69605,0.67489,0.650315,13.0,0
116,8,0.776642477,2600,4,76831,408.0,2594.0,120.36,116.95,8,0.8305,0.7967,81747,0.8033,0.7538,0.5821,0.7538,0.8909,0.8522,3194674560.0,98,72,1210104.0,98.0,98.0,129.5,112.18,98.0,0.9899,0,0,0,31,0,0,0.6969,0.72842,0.758458,31.0,0.130406,-1.307981,0.78545,0.86181,0.829471,31.0,0.72835,0.76703,0.7813,31.0,0
122,8,0.524102897,2600,4,12622,6018.0,2048.0,121.25,121.8,8,0.8205,0.7869,2302744,0.8205,0.7869,0.5805,0.8136,0.8496,0.8496,2229534720.0,96,71,1105920.0,96.0,96.0,126.85,109.89,96.0,1.0,0,0,0,36,0,0,0.81345,0.78821,0.761839,36.0,0.077236,-1.039718,0.8848,0.85464,0.840767,36.0,0.86345,0.80821,0.788436,36.0,1
133,8,0.574102659,2600,4,83607,1186.0,401.0,131.96,132.67,8,0.7731,0.736,6494148,0.736,0.736,0.5546,0.7797,0.7863,0.7863,2402083200.0,92,60,1091856.0,92.0,92.0,113.4,101.82,92.0,0.8846,0,0,0,11,0,0,0.648,0.7024,0.6659,11.0,0.165735,-0.984136,0.71315,0.74767,0.755955,11.0,0.658,0.7024,0.683682,11.0,0
128,8,0.281350018,2600,4,76872,819.0,1998.0,132.63,128.81,8,0.8136,0.7805,590074,0.7869,0.7385,0.603,0.7869,0.8727,0.8348,3308912640.0,96,71,1253376.0,96.0,96.0,134.35,112.99,96.0,0.9897,0,0,0,3,0,0,0.69925,0.73465,0.682833,3.0,0.071453,-0.905459,0.81635,0.86543,0.792067,3.0,0.72025,0.77245,0.7017,3.0,0
119,8,0.540585897,2600,4,387,6031.0,1200.0,119.05,118.77,8,0.7739,0.7672,735094,0.7542,0.7542,0.4888,0.7542,0.7876,0.7876,2223583120.0,89,34,918836.0,89.0,89.0,124.56,104.75,89.0,0.8318,0,0,0,15,0,0,0.7171,0.73878,0.718087,15.0,0.061575,-0.97201,0.7738,0.78884,0.795187,15.0,0.7336,0.76048,0.732807,15.0,0
129,8,0.436369919,2600,4,9290,2570.0,2821.0,127.39,128.47,8,0.6846,0.6846,5241431,0.7295,0.6846,0.4687,0.6846,0.7542,0.7542,2498061612.0,89,65,974283.0,89.0,89.0,109.7,98.5,89.0,0.9175,0,0,0,11,0,0,0.6923,0.69614,0.675918,11.0,0.218545,-1.377146,0.7671,0.76878,0.754445,11.0,0.6923,0.69614,0.683882,11.0,0
110,8,0.980621535,2600,4,10845,322.0,1149.0,117.25,111.35,8,0.6179,0.6179,6099223,0.6179,0.6129,0.3448,0.6387,0.6972,0.6726,1250388480.0,76,9,710448.0,76.0,76.0,93.68,84.11,76.0,0.7103,0,0,0,4,0,0,0.66645,0.62161,0.694725,4.0,0.052028,-0.689983,0.7586,0.70748,0.791625,4.0,0.66895,0.62611,0.695975,4.0,0
122,8,0.801735716,2600,4,79371,2965.0,1019.0,127.4,123.51,8,0.8214,0.7931,1573020,0.7797,0.7797,0.6214,0.7797,0.8519,0.8288,2845325952.0,92,63,1168032.0,92.0,92.0,128.75,108.28,92.0,1.0,0,0,0,6,0,0,0.77985,0.77173,0.794883,6.0,0.060227,0.371298,0.86595,0.85671,0.8837,6.0,0.78655,0.78379,0.797117,6.0,0
129,10,0.595023491,1800,4,7399,4003.0,57.0,127.18,128.41,11,0.813,0.813,1535828,0.813,0.8065,0.597,0.8403,0.9174,0.885,2164800000.0,100,67,1230000.0,100.0,100.0,100.0,100.0,100.0,1.0,0,0,0,80,0,0,0.78325,0.80585,0.7796,80.0,0.100661,-1.806481,0.8787,0.90566,0.860388,80.0,0.8065,0.8117,0.798455,80.0,0
124,10,0.932128206,1800,4,13317,6032.0,2408.0,123.27,123.85,11,0.6992,0.6992,2250444,0.6992,0.6935,0.4415,0.6992,0.7679,0.7611,1604724912.0,86,25,909708.0,86.0,86.0,106.0,95.18,86.0,0.8037,0,0,0,43,0,0,0.70675,0.69415,0.782312,43.0,0.128679,-1.732936,0.79395,0.77111,0.856707,42.0,0.7196,0.69928,0.794814,43.0,0
129,10,0.464885514,1800,4,75464,3935.0,5786.0,130.45,129.4,11,0.85,0.8293,3174388,0.8293,0.8226,0.6716,0.8718,0.9107,0.9107,2435368320.0,102,82,1383732.0,102.0,102.0,125.72,112.88,102.0,1.0,0,0,0,47,0,0,0.7613,0.81034,0.698843,47.0,0.254094,-1.283668,0.84535,0.89963,0.813905,43.0,0.77465,0.81637,0.711034,47.0,0
124,10,0.55467894,1800,4,76831,2571.0,58.0,122.12,123.66,11,0.5424,0.5161,78320,0.5203,0.5161,0.2617,0.5614,0.5818,0.5714,763248640.0,64,0,495616.0,64.0,64.0,78.89,70.83,64.0,0.6531,0,0,0,51,0,0,0.61805,0.53449,0.769271,51.0,0.078723,-1.110234,0.7009,0.60362,0.836465,51.0,0.63805,0.53449,0.788376,51.0,0
124,10,0.049972011,1800,4,76831,6019.0,2049.0,128.71,125.5,11,0.7983,0.7983,1496540,0.812,0.7787,0.6632,0.8051,0.8879,0.8716,2501730000.0,95,55,1263500.0,95.0,95.0,125.53,108.74,95.0,0.9223,0,0,0,46,0,0,0.77935,0.78083,0.720863,46.0,0.230877,-1.369725,0.87395,0.87911,0.871542,38.0,0.80915,0.79847,0.736135,46.0,0
114,10,0.36865404,1800,4,13996,506.0,235.0,119.63,115.42,11,0.6695,0.6695,164732,0.6695,0.6695,0.4274,0.6695,0.7182,0.693,1062717480.0,79,34,805089.0,79.0,79.0,79.0,79.0,79.0,0.8316,0,0,0,4,0,0,0.65475,0.66255,0.6532,4.0,0.01245,2.20652,0.7191,0.71638,0.71495,4.0,0.66475,0.67255,0.658425,4.0,0
121,10,0.303714008,1800,4,83746,1190.0,202.0,123.81,121.5,11,0.4123,0.3821,7316196,0.3852,0.3615,0.1339,0.4017,0.4352,0.4234,734801760.0,47,0,278334.0,47.0,47.0,65.78,55.32,47.0,0.5,0,0,0,33,0,0,0.52075,0.39535,0.675615,33.0,0.123357,-1.026096,0.5976,0.47168,0.77277,33.0,0.54105,0.41389,0.690445,33.0,0
121,10,0.00723122,1800,4,86027,712.0,1857.0,121.36,121.25,11,0.7119,0.7119,610526,0.7119,0.7119,0.4644,0.7119,0.7636,0.7368,1154926080.0,84,27,874944.0,84.0,84.0,84.0,84.0,84.0,0.8235,0,0,0,53,0,0,0.69595,0.70071,0.745628,53.0,0.065752,-0.971998,0.7618,0.75724,0.822728,53.0,0.70595,0.71071,0.769434,53.0,0
124,10,0.982048692,1800,4,77826,2966.0,29.0,128.38,125.31,11,0.521,0.496,1548553,0.496,0.496,0.2694,0.496,0.5636,0.5391,1184013504.0,62,0,530472.0,62.0,62.0,76.42,68.62,62.0,0.6139,0,0,0,6,0,0,0.608,0.5164,0.6482,6.0,0.107487,-0.586033,0.6818,0.58724,0.715683,6.0,0.618,0.5164,0.658417,6.0,0
124,10,0.953423827,1800,4,9836,3230.0,36.0,123.89,123.83,11,0.6842,0.6341,546864,0.6393,0.6,0.3571,0.6667,0.7222,0.7027,1959534720.0,78,34,742248.0,78.0,78.0,109.16,91.81,78.0,0.8298,0,0,0,7,0,0,0.54,0.57,0.615514,7.0,0.132824,-1.177619,0.6411,0.68998,0.703243,7.0,0.56705,0.60069,0.6296,7.0,0
119,10,0.480377546,1800,4,81629,3956.0,3267.0,118.38,118.5,11,0.7232,0.7043,755069,0.6983,0.6983,0.4147,0.6983,0.7431,0.7105,1409388093.0,81,17,741393.0,81.0,81.0,81.0,81.0,81.0,0.8351,0,0,0,6,0,0,0.70915,0.69847,0.720017,6.0,0.040737,0.724296,0.79155,0.74879,0.81535,6.0,0.73215,0.71387,0.74025,6.0,0
119,9,0.123977041,1600,4,12602,820.0,1999.0,121.6,119.5,11,0.6829,0.6829,6116901,0.6829,0.6774,0.4247,0.7059,0.7706,0.7434,1539901440.0,84,29,874944.0,84.0,84.0,103.54,92.96,84.0,0.785,0,0,0,105,0,0,0.6687,0.66966,0.757096,105.0,0.142136,-1.517053,0.7553,0.76354,0.832508,105.0,0.69145,0.67461,0.771679,105.0,0
122,9,0.041340482,1600,4,12602,313.0,3268.0,125.09,123.05,11,0.8305,0.8305,131700,0.8305,0.8305,0.678,0.8305,0.8909,0.8596,1692464900.0,98,68,1277332.0,98.0,98.0,98.0,98.0,98.0,0.9608,0,0,0,70,0,0,0.80525,0.82745,0.762931,70.0,0.154184,-1.523388,0.85545,0.88181,0.830681,69.0,0.80525,0.82745,0.77228,70.0,0
130,9,0.192848251,1600,4,79966,6033.0,1150.0,125.34,128.6,11,0.9043,0.8966,6138808,0.8387,0.8387,0.6798,0.9043,0.9043,0.8387,1952828800.0,104,75,1243840.0,104.0,104.0,128.19,115.1,104.0,0.972,0,0,0,135,0,0,0.78935,0.83483,0.784062,135.0,0.09353,-1.681235,0.86215,0.90387,0.862018,131.0,0.8283,0.88694,0.80651,135.0,0
122,9,0.977010112,1600,4,80455,1504.0,3270.0,121.43,122.1,11,0.8609,0.8534,910209,0.7984,0.7984,0.6642,0.8609,0.9252,0.9083,1908058680.0,99,68,1215324.0,99.0,99.0,122.03,109.56,99.0,1.0,0,0,0,45,0,0,0.7792,0.79856,0.778429,45.0,0.080219,-1.117334,0.8626,0.91268,0.861811,45.0,0.8167,0.84806,0.796589,45.0,1
120,9,0.946754749,1600,4,9836,3231.0,37.0,124.22,120.89,11,0.7913,0.7845,6161080,0.7339,0.7339,0.5838,0.7913,0.8505,0.8349,1677150930.0,91,55,1068249.0,91.0,91.0,112.17,100.71,91.0,0.9192,0,0,0,12,0,0,0.66695,0.71051,0.736983,12.0,0.116034,-0.956065,0.75525,0.82545,0.805058,12.0,0.70225,0.76605,0.7502,12.0,0
126,9,0.221013773,1600,4,13641,1187.0,1378.0,124.72,125.73,11,0.7583,0.7398,3964819,0.7398,0.7339,0.4944,0.7521,0.8198,0.8053,1792670880.0,91,58,1018563.0,91.0,91.0,112.17,100.71,91.0,0.91,0,0,0,46,0,0,0.67695,0.71051,0.751698,46.0,0.071917,-1.186158,0.7599,0.79782,0.850939,46.0,0.6899,0.71582,0.773748,46.0,0
125,9,0.513641841,1600,4,76831,6020.0,2822.0,127.14,125.64,11,0.719,0.7016,3563376,0.7073,0.7016,0.4849,0.725,0.7768,0.7699,1758430080.0,87,36,999108.0,87.0,87.0,107.24,96.28,87.0,0.8365,0,0,0,16,0,0,0.7208,0.70144,0.693331,16.0,0.209832,-1.339703,0.7784,0.76912,0.746219,16.0,0.7208,0.70144,0.69675,16.0,0
116,9,0.207151496,1600,4,80421,2586.0,2050.0,120.36,116.98,11,0.819,0.819,1464765,0.819,0.819,0.6361,0.819,0.8716,0.8333,2161722150.0,95,58,1137150.0,95.0,95.0,95.0,95.0,95.0,0.9694,0,0,0,30,0,0,0.8395,0.8271,0.74937,30.0,0.078239,-0.816525,0.9158,0.88444,0.81621,30.0,0.8595,0.8271,0.756867,30.0,0
120,9,0.834771315,1600,4,1721,4634.0,2595.0,120.96,120.51,11,0.8261,0.819,5083566,0.7661,0.7661,0.6215,0.8261,0.8879,0.8716,1785325500.0,95,62,1137150.0,95.0,95.0,117.1,105.14,95.0,0.9596,0,0,0,31,0,0,0.77305,0.76949,0.763032,31.0,0.071917,-0.66073,0.86395,0.87911,0.834265,31.0,0.7995,0.8171,0.77649,31.0,0
121,9,0.174038557,1600,4,13641,4004.0,1379.0,124.31,121.57,11,0.7339,0.7339,3965445,0.7398,0.7339,0.551,0.7398,0.7982,0.7982,1606845240.0,91,69,1043406.0,91.0,91.0,91.0,91.0,91.0,0.9785,0,0,0,14,0,0,0.74695,0.73051,0.788121,14.0,0.048332,0.534804,0.8291,0.79838,0.860279,14.0,0.76695,0.74051,0.795136,14.0,0
111,9,0.049835163,1600,4,82384,311.0,79.0,114.18,111.55,11,0.875,0.8448,86587,0.7903,0.7903,0.6141,0.8596,0.9159,0.8991,1766406096.0,98,52,1123668.0,98.0,98.0,98.0,98.0,98.0,0.9423,0,0,0,8,0,0,0.76515,0.79127,0.71975,8.0,0.069804,-0.748524,0.87795,0.91431,0.798425,8.0,0.8124,0.85032,0.7525,8.0,0
119,10,0.809216087,3500,4,14031,1263.0,486.0,123.43,120.66,7,0.6293,0.6293,1065,0.6239,0.6239,0.4019,0.6239,0.6759,0.6577,2588615040.0,73,0,735402.0,73.0,73.0,102.16,85.92,73.0,0.7526,0,0,0,22,0,0,0.64195,0.62151,0.657618,22.0,0.167379,-1.392813,0.70795,0.67831,0.737568,22.0,0.65465,0.62637,0.671927,22.0,0
119,10,0.744861901,3500,4,11699,821.0,137.0,119.84,118.67,7,0.6306,0.6306,276039,0.5983,0.5983,0.3318,0.6364,0.6796,0.6604,1604857800.0,70,0,558600.0,70.0,70.0,97.97,82.39,70.0,0.7216,0,0,0,23,0,0,0.64915,0.60847,0.726422,23.0,0.104583,-1.407607,0.7598,0.69164,0.801791,22.0,0.6753,0.63754,0.740448,23.0,1
136,10,0.472760642,3500,4,14332,1404.0,1151.0,135.47,134.8,7,0.8034,0.8034,1570973,0.8034,0.8034,0.6244,0.8034,0.8468,0.8468,3042058080.0,94,50,1060320.0,94.0,94.0,131.55,110.64,94.0,0.8952,0,0,0,84,0,0,0.7917,0.80306,0.76254,84.0,0.091826,-1.004741,0.8534,0.84212,0.855446,80.0,0.8217,0.80306,0.787087,84.0,0
122,10,0.574804044,3500,4,76831,507.0,2051.0,125.18,122.61,7,0.8761,0.8534,2214487,0.8462,0.8462,0.6857,0.8462,0.9612,0.8684,4415938560.0,99,55,1254528.0,99.0,99.0,138.55,116.52,99.0,0.9612,0,0,0,46,0,0,0.8231,0.84158,0.7806,46.0,0.075142,-0.819368,0.9306,0.95508,0.883575,44.0,0.8667,0.85806,0.80535,46.0,0
114,10,0.709581674,3500,4,80198,169.0,59.0,115.43,113.81,7,0.5714,0.5517,33918,0.547,0.547,0.2485,0.547,0.5714,0.5614,1600389120.0,64,0,454656.0,64.0,64.0,89.57,75.33,64.0,0.6809,0,0,0,21,0,0,0.6635,0.5623,0.707657,21.0,0.091169,-0.707579,0.7057,0.59426,0.796,21.0,0.66585,0.56653,0.717457,21.0,0
128,10,0.445499597,3500,4,81358,106.0,2409.0,126.16,127.47,7,0.8482,0.819,27706,0.812,0.812,0.6067,0.812,0.8796,0.8407,3859730775.0,95,63,1110075.0,95.0,95.0,145.69,116.89,95.0,0.9896,0,0,0,15,0,0,0.756,0.8008,0.709667,15.0,0.074027,0.565457,0.8398,0.87164,0.794287,15.0,0.7595,0.8071,0.722013,15.0,0
123,10,0.639434549,3500,4,9290,5.0,2228.0,124.29,123.39,7,0.8909,0.8673,10797597,0.8522,0.8167,0.6274,0.8909,0.8991,0.8991,3724988232.0,98,58,1219708.0,98.0,98.0,98.0,98.0,98.0,0.9703,0,0,0,7,0,0,0.79835,0.81503,0.702457,7.0,0.132653,-0.824413,0.88955,0.89919,0.800586,7.0,0.83365,0.87057,0.714086,7.0,0
126,9,0.001998158,1100,4,14234,4195.0,2454.0,123.88,125.88,11,0.7479,0.7236,2468447,0.7236,0.7236,0.5171,0.7236,0.8165,0.7876,1110825198.0,89,70,998046.0,89.0,89.0,89.0,89.0,89.0,0.9889,0,0,0,4,0,0,0.7018,0.72124,0.69105,4.0,0.08544,-0.706321,0.78825,0.81485,0.76895,4.0,0.7018,0.72124,0.698225,4.0,0
121,6,0.007062551,1100,4,14522,1634.0,4950.0,122.0,121.12,4,0.8403,0.813,6173191,0.813,0.813,0.6321,0.8333,0.8333,0.8333,1361520000.0,100,87,1220000.0,100.0,100.0,123.26,110.67,100.0,0.9709,0,0,0,2,0,0,0.7865,0.8117,0.7886,2.0,0.0247,-1.012795,0.83665,0.82997,0.8326,2.0,0.7865,0.8117,0.7886,2.0,1
130,9,0.539786942,1300,4,14694,3717.0,6318.0,126.55,129.25,16,0.8051,0.8051,828207,0.8051,0.8051,0.5893,0.812,0.8962,0.8333,1465299000.0,95,56,1110075.0,95.0,95.0,117.1,105.14,95.0,0.9406,0,0,0,113,0,0,0.79255,0.80459,0.80851,113.0,0.102009,-1.67511,0.8681,0.88658,0.853264,112.0,0.79255,0.80459,0.813283,113.0,0
132,9,0.981454755,1300,4,83554,1046.0,279.0,126.4,131.0,16,0.8814,0.8814,679497,0.8814,0.8814,0.7062,0.8814,0.8966,0.8966,1756085760.0,104,80,1330368.0,104.0,104.0,104.0,104.0,104.0,0.9905,0,0,0,91,0,0,0.8807,0.88326,0.719241,91.0,0.247114,-1.331151,0.9083,0.90694,0.868655,77.0,0.8807,0.88326,0.730785,91.0,0
126,9,0.734999066,1300,4,76831,1763.0,1380.0,127.15,126.59,16,0.7983,0.7724,2536759,0.7724,0.7724,0.6219,0.7917,0.8636,0.8407,1320357500.0,95,65,1200325.0,95.0,95.0,95.0,95.0,95.0,1.0,0,0,0,30,0,0,0.7362,0.76516,0.786203,30.0,0.122574,-1.439948,0.8218,0.84724,0.83204,30.0,0.7362,0.76516,0.793393,30.0,0
126,9,0.924059258,1300,4,14694,1417.0,726.0,129.2,126.94,16,0.7966,0.7581,768861,0.7642,0.7581,0.6346,0.8034,0.8545,0.8393,1850611840.0,94,55,1201696.0,94.0,94.0,124.21,107.6,94.0,0.9216,0,0,0,72,0,0,0.79905,0.77229,0.78194,72.0,0.051545,-0.644856,0.86725,0.85905,0.843724,72.0,0.79905,0.77229,0.789406,72.0,0
126,9,0.493937542,1300,4,13996,6867.0,2411.0,125.05,125.75,16,0.822,0.822,11241357,0.822,0.822,0.6143,0.8291,0.9151,0.8509,1527645240.0,97,60,1157307.0,97.0,97.0,119.56,107.35,97.0,0.9604,0,0,0,56,0,0,0.811,0.8198,0.787932,56.0,0.060537,-0.755741,0.87755,0.90359,0.851536,56.0,0.811,0.8198,0.797627,56.0,0
132,9,0.045069473,1300,4,78149,4190.0,2145.0,124.62,130.55,16,0.5413,0.5268,4956896,0.5268,0.5268,0.2408,0.5268,0.5413,0.5413,476068522.0,59,0,410758.0,59.0,59.0,66.58,62.56,59.0,0.596,0,0,0,63,0,0,0.6334,0.55412,0.785608,63.0,0.067491,-1.062007,0.68065,0.56717,0.837317,63.0,0.6434,0.55412,0.797171,63.0,0
134,9,0.67109725,1300,4,75464,6686.0,5787.0,132.64,134.13,16,0.8305,0.8305,3178547,0.8305,0.8305,0.6933,0.8305,0.8909,0.8596,1724110080.0,98,74,1306144.0,98.0,98.0,98.0,98.0,98.0,0.9608,0,0,0,33,0,0,0.79525,0.81745,0.743764,33.0,0.180497,-1.466116,0.86545,0.88181,0.789355,33.0,0.79525,0.81745,0.747218,33.0,0
126,9,0.945784078,1300,4,76957,1635.0,4951.0,123.11,125.02,16,0.7395,0.7154,84375,0.7154,0.7154,0.4614,0.7333,0.7788,0.7788,991193280.0,88,44,890560.0,88.0,88.0,88.0,88.0,88.0,0.8713,0,0,0,37,0,0,0.7477,0.72386,0.797265,37.0,0.049386,-0.678693,0.8094,0.78092,0.843057,37.0,0.7477,0.72386,0.802843,37.0,0
125,9,0.458010509,1300,4,13699,5497.0,2317.0,124.97,125.0,16,0.8644,0.8644,1570930,0.8644,0.8644,0.6903,0.8644,0.9273,0.8947,1716660000.0,102,71,1300500.0,102.0,102.0,102.0,102.0,102.0,1.0,0,0,0,20,0,0,0.7622,0.84796,0.740905,20.0,0.075662,-0.928847,0.83365,0.91457,0.81867,20.0,0.7722,0.84796,0.76164,20.0,1
132,9,0.893982055,1300,4,78252,5265.0,188.0,129.14,131.75,16,0.7417,0.7236,1880135,0.7236,0.7177,0.4998,0.7607,0.7946,0.7876,1812324800.0,89,48,1029730.0,89.0,89.0,117.6,101.88,89.0,0.8641,0,0,0,15,0,0,0.75885,0.72593,0.79432,15.0,0.052241,-0.873168,0.8373,0.80514,0.856107,15.0,0.7718,0.73124,0.804627,15.0,0
121,9,0.152282292,1300,4,14234,3537.0,228.0,125.39,122.17,16,0.7672,0.7542,2177341,0.7542,0.7542,0.5592,0.7542,0.8091,0.7807,1383236309.0,89,45,1053493.0,89.0,89.0,100.43,94.37,89.0,0.9082,0,0,0,21,0,0,0.7971,0.75878,0.779181,21.0,0.056365,-1.105861,0.84455,0.81819,0.837448,21.0,0.7971,0.76878,0.791076,21.0,0
134,9,0.525546043,1300,4,11699,6600.0,1008.0,128.91,132.84,16,0.7647,0.7398,80301,0.7398,0.7398,0.5234,0.7583,0.8053,0.8053,1124443866.0,91,57,1010282.0,91.0,91.0,91.0,91.0,91.0,0.901,0,0,0,14,0,0,0.7699,0.74582,0.793229,14.0,0.049525,-0.416441,0.83265,0.80477,0.85135,14.0,0.7799,0.74582,0.815764,14.0,0
117,9,0.298129205,1300,4,85131,1209.0,9482.0,118.32,117.2,16,0.7179,0.7179,270247,0.7119,0.7119,0.4457,0.7179,0.7368,0.7368,1104997824.0,84,42,839664.0,84.0,84.0,84.0,84.0,84.0,0.9231,0,0,0,8,0,0,0.66595,0.71071,0.596225,8.0,0.197366,-1.201904,0.7184,0.74312,0.64805,8.0,0.68895,0.72611,0.614225,8.0,0
125,9,0.163449443,1300,4,82379,4196.0,1529.0,124.2,124.99,16,0.8051,0.8051,4962536,0.8051,0.8051,0.5988,0.8051,0.8636,0.8333,1489125000.0,95,66,1128125.0,95.0,95.0,95.0,95.0,95.0,1.0,0,0,0,8,0,0,0.76255,0.79459,0.74075,8.0,0.058111,-0.98362,0.8318,0.85724,0.801988,8.0,0.78255,0.80459,0.7617,8.0,0
129,9,0.850326916,1300,4,84416,2621.0,741.0,129.35,129.04,16,0.7288,0.7288,1664671,0.7288,0.7288,0.5065,0.735,0.7679,0.7544,1259390880.0,86,35,954084.0,86.0,86.0,97.05,91.19,86.0,0.8431,0,0,0,7,0,0,0.6744,0.70592,0.654629,7.0,0.07628,-0.468971,0.72395,0.75111,0.719214,7.0,0.6744,0.71592,0.6573,7.0,0
130,8,0.011512926,2600,4,78920,6687.0,3141.0,129.17,129.8,7,0.7899,0.752,1539341,0.752,0.752,0.5745,0.7899,0.8393,0.8103,2488217600.0,94,62,1131008.0,94.0,94.0,94.0,94.0,94.0,0.8393,0,0,0,8,0,0,0.776,0.7568,0.773125,8.0,0.04517,-0.917128,0.84965,0.84537,0.83465,8.0,0.796,0.7668,0.780788,8.0,0
128,8,0.181180102,2600,4,8563,5498.0,4264.0,128.5,128.1,7,0.7951,0.7951,11950224,0.776,0.776,0.6165,0.7823,0.8818,0.8435,2726107206.0,97,75,1213761.0,97.0,97.0,119.56,107.35,97.0,1.0,0,0,0,3,0,0,0.748,0.7684,0.734467,3.0,0.037313,-0.318462,0.8309,0.87362,0.816067,3.0,0.75755,0.78559,0.740833,3.0,1
125,8,0.07246139,2600,4,3793,6601.0,9484.0,124.06,124.71,7,0.776,0.776,283566,0.776,0.776,0.5831,0.7823,0.8435,0.8291,2500121844.0,97,80,1147898.0,97.0,97.0,128.18,111.03,97.0,0.9898,0,0,0,11,0,0,0.778,0.7784,0.743127,11.0,0.058294,-0.759764,0.84175,0.83915,0.812227,11.0,0.788,0.7784,0.754509,11.0,0
122,8,0.954780723,2600,4,13317,3538.0,229.0,125.91,122.74,7,0.7,0.6829,2177485,0.6829,0.6774,0.4418,0.7179,0.7304,0.7304,1601994240.0,84,40,910224.0,84.0,84.0,103.54,92.96,84.0,0.84,0,0,0,5,0,0,0.7087,0.67966,0.74516,5.0,0.042854,-0.834403,0.7752,0.73736,0.82292,5.0,0.73145,0.69461,0.75486,5.0,0
129,8,0.135842086,2600,4,3793,4191.0,1545.0,126.63,128.56,7,0.8,0.8,3146596,0.8,0.8,0.6349,0.8475,0.8547,0.8547,2750000000.0,100,82,1250000.0,100.0,100.0,123.26,110.67,100.0,0.9804,0,0,0,5,0,0,0.77,0.8,0.75678,5.0,0.03611,-0.231698,0.82735,0.84923,0.821,5.0,0.78,0.8,0.76288,5.0,0
129,8,0.514024354,2600,4,1078,3938.0,2987.0,128.25,128.97,7,0.8376,0.8376,11629892,0.7967,0.7903,0.6013,0.8167,0.875,0.8673,2184208908.0,98,80,1238916.0,98.0,98.0,98.0,98.0,98.0,1.0,0,0,0,2,0,0,0.77515,0.79127,0.77015,2.0,0.020495,-1.275959,0.8475,0.8675,0.8454,2.0,0.8188,0.83384,0.81625,2.0,0
125,8,0.535583023,2600,4,13317,6868.0,1258.0,127.0,125.4,7,0.8644,0.8293,6531880,0.8361,0.7846,0.6457,0.7846,0.9273,0.887,3543186240.0,102,83,1342116.0,102.0,102.0,142.75,120.05,102.0,1.0,0,0,0,2,0,0,0.7323,0.77614,0.731,2.0,0.05376,-0.700764,0.84365,0.91457,0.83865,2.0,0.77465,0.81637,0.7736,2.0,0
117,9,0.503963165,1800,4,84857,277.0,3349.0,118.0,117.52,14,0.8348,0.8276,828207,0.8136,0.8136,0.603,0.8136,0.8807,0.8421,2706960384.0,96,67,1133568.0,96.0,96.0,126.85,109.89,96.0,0.9796,0,0,0,2,0,0,0.7968,0.81224,0.7948,2.0,0.018505,2.010423,0.88035,0.88263,0.88125,2.0,0.8038,0.82484,0.8018,2.0,0
124,9,0.333991207,1800,4,13689,6688.0,2461.0,125.0,124.2,14,0.8889,0.8889,22886198,0.7742,0.7742,0.6346,0.8136,0.8727,0.8571,1818464256.0,96,69,1161216.0,96.0,96.0,118.33,106.24,96.0,0.96,0,0,0,2,0,0,0.7471,0.76678,0.74595,2.0,0.028415,-1.17253,0.83635,0.86543,0.83725,2.0,0.80445,0.87001,0.80625,2.0,0
130,8,0.537945966,1100,4,12421,5500.0,1304.0,127.0,129.31,11,0.8034,0.7966,8487737,0.7642,0.7642,0.5631,0.8174,0.8319,0.7899,1202031768.0,94,77,1086828.0,94.0,94.0,94.0,94.0,94.0,0.9216,0,0,0,3,0,0,0.7721,0.76778,0.770533,3.0,0.003497,8.1746,0.82595,0.82871,0.8278,3.0,0.7883,0.79694,0.781333,3.0,0
125,8,0.320685372,1100,4,627,5266.0,5696.0,121.25,123.87,11,0.7984,0.7984,808902,0.8049,0.7984,0.5849,0.825,0.8609,0.8049,1705570020.0,99,67,1107513.0,99.0,99.0,99.0,99.0,99.0,0.9167,0,0,0,4,0,0,0.7592,0.78856,0.764175,4.0,0.063538,-0.926784,0.82045,0.84481,0.8155,4.0,0.7592,0.78856,0.764175,4.0,0
118,8,0.277310242,1100,4,79202,6689.0,4266.0,122.5,119.0,11,0.7563,0.7317,12329190,0.7317,0.7317,0.5372,0.75,0.7965,0.7965,1140480000.0,90,77,1036800.0,90.0,90.0,90.0,90.0,90.0,0.9574,0,0,0,7,0,0,0.75585,0.73853,0.755886,7.0,0.061479,-0.901112,0.82825,0.80685,0.820843,7.0,0.76585,0.73853,0.771543,7.0,0
111,8,0.262816511,1100,4,83442,20.0,49.0,117.88,112.5,11,0.7436,0.7436,309352,0.7073,0.7073,0.4941,0.7436,0.7699,0.7699,1068137280.0,87,49,953694.0,87.0,87.0,87.0,87.0,87.0,0.8614,0,0,0,18,0,0,0.75365,0.71657,0.714822,18.0,0.107374,-1.272341,0.81495,0.78291,0.775867,18.0,0.7918,0.74924,0.737611,18.0,0
127,8,0.07118535,1100,4,78252,6603.0,1008.0,127.58,127.26,11,0.7731,0.748,1876367,0.748,0.748,0.5701,0.7863,0.7931,0.7931,1210352000.0,92,65,1100320.0,92.0,92.0,113.4,101.82,92.0,0.8519,0,0,0,9,0,0,0.774,0.7532,0.763067,9.0,0.044301,-0.75162,0.81655,0.79379,0.804233,9.0,0.774,0.7532,0.766067,9.0,0
116,8,0.51920318,1100,4,77014,285.0,8589.0,120.18,116.77,11,0.5417,0.5285,3830372,0.5285,0.5285,0.2692,0.5462,0.5752,0.5603,571642500.0,65,3,519675.0,65.0,65.0,65.0,65.0,65.0,0.6373,0,0,0,17,0,0,0.66425,0.55565,0.7468,17.0,0.069378,-1.182589,0.7276,0.60768,0.798512,17.0,0.68425,0.56565,0.762018,17.0,0
121,8,0.021826975,1100,4,11255,4197.0,2971.0,121.85,120.89,11,0.7815,0.7561,12213183,0.7561,0.7561,0.5332,0.7949,0.8017,0.8017,1132154100.0,93,55,1029231.0,93.0,93.0,114.63,102.92,93.0,0.8611,0,0,0,12,0,0,0.72805,0.75049,0.707442,12.0,0.079433,0.448237,0.78085,0.79153,0.748633,12.0,0.72805,0.75049,0.7168,12.0,0
127,8,0.833867742,1100,4,78252,3719.0,2725.0,126.85,126.93,11,0.7398,0.7398,991041,0.7398,0.7398,0.5406,0.7913,0.7913,0.7845,1164441096.0,91,58,1043406.0,91.0,91.0,112.17,100.71,91.0,0.8198,0,0,0,5,0,0,0.7499,0.74582,0.74752,5.0,0.048104,-0.779735,0.79565,0.79217,0.79586,5.0,0.7499,0.74582,0.74752,5.0,0
125,8,0.764085204,1100,4,10845,1797.0,2065.0,123.61,124.64,11,0.825,0.8049,11267497,0.8049,0.8049,0.6144,0.8609,0.8609,0.825,1311628626.0,99,78,1185921.0,99.0,99.0,99.0,99.0,99.0,0.934,0,0,0,9,0,0,0.82245,0.81441,0.782767,9.0,0.04581,0.588141,0.86045,0.86481,0.835089,9.0,0.82245,0.81441,0.790044,9.0,0
129,8,0.174019681,1100,4,627,4117.0,5698.0,127.37,128.67,11,0.7797,0.7797,11315283,0.7797,0.7797,0.5661,0.7797,0.7797,0.7797,1426928832.0,92,90,1066464.0,92.0,92.0,113.4,101.82,92.0,0.9684,0,0,0,8,0,0,0.77985,0.78173,0.778775,8.0,0.026164,1.654705,0.80985,0.78173,0.822875,8.0,0.78985,0.78173,0.782125,8.0,1
121,8,0.955782687,1100,4,12421,3682.0,2973.0,122.57,120.9,11,0.8487,0.8211,1177995,0.8211,0.8211,0.6289,0.8417,0.8783,0.8707,1335310900.0,101,82,1213919.0,101.0,101.0,101.0,101.0,101.0,1.0,0,0,0,6,0,0,0.78055,0.80899,0.78555,6.0,0.04961,-0.555739,0.83915,0.87047,0.83955,6.0,0.78055,0.80899,0.790183,6.0,0
123,10,0.627037307,1900,16,13317,932.0,1012.0,124.38,123.33,13,0.7966,0.7966,6363705,0.7966,0.7966,0.591,0.8034,0.8393,0.8393,1469603520.0,94,55,1113336.0,94.0,94.0,124.21,107.6,94.0,0.9895,0,0,0,11,0,0,0.7683,0.78694,0.698227,11.0,0.102897,-0.952922,0.85965,0.84537,0.779345,11.0,0.7683,0.78694,0.703664,11.0,0
126,10,0.727673744,1900,16,2496,6858.0,1528.0,125.19,126.03,13,0.7232,0.6983,5466638,0.6532,0.6532,0.4554,0.7168,0.75,0.7431,1366525080.0,81,34,833247.0,81.0,81.0,99.84,89.64,81.0,0.8351,0,0,0,13,0,0,0.7466,0.67788,0.742969,13.0,0.081268,0.705297,0.825,0.765,0.814554,13.0,0.76915,0.71847,0.7525,13.0,1
113,10,0.939633056,1900,16,82231,1515.0,80.0,116.94,113.9,13,0.6667,0.6504,318884,0.6504,0.6452,0.379,0.6667,0.7407,0.7143,1374208000.0,80,28,780800.0,80.0,80.0,80.0,80.0,80.0,0.8247,0,0,0,27,0,0,0.6726,0.65068,0.698989,27.0,0.041138,-0.974207,0.77035,0.74663,0.777211,27.0,0.6952,0.65536,0.714737,27.0,0
110,10,0.559942331,1900,16,83568,1165.0,81.0,116.5,111.31,13,0.785,0.7706,870659,0.7241,0.6774,0.4444,0.7778,0.785,0.7568,1847733552.0,84,36,867888.0,84.0,84.0,111.0,96.15,84.0,0.866,0,0,0,5,0,0,0.6487,0.67966,0.62598,5.0,0.043694,-0.875218,0.7425,0.7765,0.70922,5.0,0.6953,0.76354,0.6455,5.0,0
108,10,0.020138508,1900,16,12519,205.0,452.0,116.44,109.47,13,0.621,0.621,769475,0.626,0.621,0.382,0.6638,0.7404,0.6875,1116110534.0,77,6,723338.0,77.0,77.0,77.0,77.0,77.0,0.7476,0,0,0,6,0,0,0.5705,0.6089,0.503433,6.0,0.161415,-0.786183,0.6602,0.72636,0.5674,6.0,0.6005,0.6189,0.532317,6.0,0
110,10,0.624572759,1900,16,78053,577.0,3751.0,114.59,110.65,13,0.7946,0.7672,450740,0.7177,0.7177,0.5022,0.7807,0.8318,0.8165,1444410192.0,89,46,918836.0,89.0,89.0,89.0,89.0,89.0,0.9368,0,0,0,12,0,0,0.72885,0.71593,0.733617,12.0,0.048887,0.988998,0.8159,0.82862,0.803342,12.0,0.7636,0.76048,0.756192,12.0,0
115,10,0.646105039,1900,16,78053,687.0,1043.0,120.88,116.34,13,0.6174,0.6068,7653520,0.5772,0.5726,0.3156,0.5917,0.6339,0.6283,1179624246.0,71,23,650289.0,71.0,71.0,87.51,78.58,71.0,0.7396,0,0,0,3,0,0,0.6263,0.58534,0.642467,3.0,0.051023,-0.809632,0.69695,0.65051,0.718967,3.0,0.6434,0.61612,0.655667,3.0,0
106,10,0.024530851,1900,16,78149,90.0,332.0,112.57,107.28,13,0.6667,0.6667,1003078,0.6667,0.6613,0.3884,0.6777,0.7736,0.7321,1412275340.0,82,42,800156.0,82.0,82.0,101.07,90.75,82.0,0.9535,0,0,0,5,0,0,0.67065,0.66517,0.6577,5.0,0.055594,-0.480837,0.7468,0.76624,0.72886,5.0,0.68335,0.67003,0.67756,5.0,0
126,10,0.18025008,1900,16,2747,2243.0,1236.0,128.07,126.32,13,0.7069,0.6949,408301,0.6949,0.6949,0.4604,0.6949,0.7257,0.7193,1144962720.0,82,29,867396.0,82.0,82.0,101.07,90.75,82.0,0.8542,0,0,0,5,0,0,0.64745,0.69541,0.52366,5.0,0.27324,-1.070522,0.72285,0.73313,0.7119,4.0,0.64745,0.69541,0.53672,5.0,0
113,10,0.318631253,1900,16,12780,771.0,2467.0,118.0,113.52,13,0.8364,0.8214,1473215,0.7931,0.7419,0.5071,0.8142,0.8762,0.8288,2062769904.0,92,39,990288.0,92.0,92.0,92.0,92.0,92.0,0.8762,0,0,0,3,0,0,0.71095,0.73771,0.696233,3.0,0.04388,-0.570254,0.8081,0.86858,0.7891,3.0,0.7607,0.80926,0.745367,3.0,0
114,10,0.318312162,1900,16,76973,8238.0,50.0,120.63,115.44,13,0.6723,0.64,4934731,0.64,0.64,0.4194,0.6452,0.7273,0.6957,1822099200.0,80,33,825600.0,80.0,80.0,105.71,91.57,80.0,0.7843,0,0,0,3,0,0,0.66,0.646,0.673033,3.0,0.028753,-0.412998,0.74365,0.73457,0.753567,3.0,0.68,0.646,0.6908,3.0,0
126,10,0.303964657,1900,16,82642,529.0,402.0,126.93,126.45,13,0.5882,0.56,723818,0.56,0.56,0.326,0.5882,0.6364,0.6087,1380085000.0,70,0,641900.0,70.0,70.0,86.28,77.47,70.0,0.7447,0,0,0,6,0,0,0.63,0.574,0.636183,6.0,0.069192,0.522374,0.7182,0.65276,0.72025,6.0,0.65,0.584,0.666883,6.0,0
113,10,0.654841178,1900,16,2747,4568.0,52.0,119.38,114.12,13,0.6048,0.6048,408301,0.6098,0.6048,0.3683,0.6579,0.6696,0.6696,1074150000.0,75,42,697500.0,75.0,75.0,99.1,85.85,75.0,0.7895,0,0,0,3,0,0,0.6124,0.60432,0.616933,3.0,0.032557,-0.503799,0.6748,0.66264,0.669,3.0,0.6124,0.60432,0.616933,3.0,0
129,10,0.739296161,1600,16,9290,7545.0,2229.0,129.0,129.0,11,0.641,0.6356,10353051,0.6356,0.6356,0.3852,0.6696,0.7075,0.6696,957825000.0,75,42,725625.0,75.0,75.0,92.44,83.0,75.0,0.8152,0,0,0,3,0,0,0.6578,0.64204,0.6582,3.0,0.032233,-0.427763,0.71375,0.70675,0.710133,3.0,0.6578,0.64204,0.6582,3.0,1
130,10,0.581232737,1600,16,78252,7203.0,567.0,129.51,130.0,11,0.7436,0.7436,1846447,0.7373,0.7373,0.5223,0.7436,0.7768,0.7632,1298840400.0,87,40,983970.0,87.0,87.0,107.24,96.28,87.0,0.87,0,0,0,17,0,0,0.73865,0.73357,0.7033,17.0,0.075098,-1.046116,0.7984,0.77912,0.769253,17.0,0.7518,0.74924,0.726971,17.0,0
121,10,0.194393782,1600,16,13317,25.0,1259.0,121.63,121.21,11,0.8017,0.7881,8220,0.7881,0.7881,0.5647,0.7881,0.8158,0.8158,1404251640.0,93,47,1063827.0,93.0,93.0,122.89,106.45,93.0,0.9394,0,0,0,4,0,0,0.76405,0.77929,0.741525,4.0,0.039883,-0.713165,0.7879,0.81422,0.781025,4.0,0.76405,0.77929,0.741525,4.0,0
130,10,0.635907595,1600,16,2747,2244.0,1458.0,128.32,129.86,11,0.6207,0.6102,371504,0.6102,0.6102,0.355,0.6154,0.6606,0.6207,888081408.0,72,33,668736.0,72.0,72.0,72.0,72.0,72.0,0.7423,0,0,0,4,0,0,0.6451,0.62918,0.64165,4.0,0.075895,1.069643,0.7003,0.67454,0.69605,4.0,0.6451,0.62918,0.64165,4.0,0
130,10,0.596356658,1600,16,81149,2573.0,4710.0,128.82,129.72,11,0.7586,0.7458,705139,0.7458,0.7458,0.5221,0.7521,0.7857,0.7719,1294270208.0,88,50,983488.0,88.0,88.0,88.0,88.0,88.0,0.9072,0,0,0,5,0,0,0.7029,0.74122,0.67654,5.0,0.104946,-0.833856,0.74285,0.77713,0.71792,5.0,0.7029,0.74122,0.67654,5.0,0
125,10,0.865380772,1600,16,11255,632.0,1439.0,124.11,125.08,11,0.8362,0.822,447593,0.822,0.822,0.6293,0.822,0.8509,0.8509,1564904880.0,97,55,1185534.0,97.0,97.0,128.18,111.03,97.0,0.9798,0,0,0,6,0,0,0.761,0.8098,0.73165,6.0,0.055872,0.598537,0.81545,0.84581,0.799717,6.0,0.761,0.8098,0.74035,6.0,0
122,10,0.788569498,1600,16,8417,127.0,4952.0,121.51,121.71,11,0.8729,0.8729,1262674,0.8729,0.8729,0.6702,0.8729,0.9364,0.9035,1686661256.0,103,64,1262471.0,103.0,103.0,103.0,103.0,103.0,1.0,0,0,0,9,0,0,0.78645,0.85561,0.713589,9.0,0.075951,0.718632,0.8482,0.92276,0.777689,9.0,0.79645,0.85561,0.725556,9.0,0
126,10,0.276942357,1600,16,84882,688.0,230.0,125.47,126.53,11,0.7478,0.735,2104276,0.6992,0.6935,0.4774,0.7611,0.7963,0.7679,1731255680.0,86,45,983668.0,86.0,86.0,106.0,95.18,86.0,0.9149,0,0,0,8,0,0,0.70675,0.69415,0.689175,8.0,0.046506,-1.049416,0.80815,0.80667,0.780025,8.0,0.7575,0.7415,0.710825,8.0,0
129,10,0.112020449,1600,16,3793,2477.0,9485.0,127.57,128.95,11,0.8362,0.822,11989694,0.822,0.822,0.6443,0.822,0.8509,0.8509,1602164520.0,97,55,1213761.0,97.0,97.0,128.18,111.03,97.0,0.9798,0,0,0,5,0,0,0.771,0.8198,0.73476,5.0,0.055024,0.747095,0.81545,0.84581,0.78848,5.0,0.781,0.8198,0.74998,5.0,0
128,10,0.016653845,1600,16,1721,2535.0,1712.0,128.19,128.1,11,0.8,0.7805,1571535,0.7805,0.7742,0.577,0.8,0.8889,0.8571,2092400640.0,96,70,1188864.0,96.0,96.0,96.0,96.0,96.0,0.9897,0,0,0,6,0,0,0.7471,0.76678,0.703383,6.0,0.092387,-1.183944,0.84445,0.88001,0.7749,6.0,0.76025,0.78245,0.71885,6.0,0
122,10,0.074060536,1600,16,13689,391.0,746.0,121.13,121.71,11,0.7059,0.672,1530593,0.672,0.672,0.4265,0.7,0.7925,0.7304,1847260800.0,84,52,839664.0,84.0,84.0,117.56,98.87,84.0,0.9333,0,0,0,3,0,0,0.706,0.6748,0.713233,3.0,0.029963,-0.767275,0.80625,0.79325,0.805833,3.0,0.716,0.6848,0.7338,3.0,0
125,9,0.635960078,1600,16,82384,1516.0,2595.0,127.0,125.4,12,0.7373,0.7373,614193,0.7373,0.7373,0.5183,0.7373,0.7909,0.7632,1288849320.0,87,59,976401.0,87.0,87.0,87.0,87.0,87.0,0.8614,0,0,0,3,0,0,0.74865,0.74357,0.744633,3.0,0.012427,2.693578,0.79545,0.79181,0.802433,3.0,0.74865,0.74357,0.7466,3.0,0
136,9,0.676212365,1600,16,9836,8239.0,1318.0,132.88,135.46,12,0.6466,0.5952,419891,0.6148,0.5769,0.3545,0.5769,0.6818,0.6522,1945350000.0,75,18,736875.0,75.0,75.0,84.63,79.53,75.0,0.7653,0,0,0,6,0,0,0.64845,0.58921,0.68065,6.0,0.06867,-0.705101,0.7409,0.69362,0.767067,6.0,0.6576,0.60568,0.6876,6.0,0
119,9,0.084159057,1600,16,83241,933.0,27.0,121.13,119.63,12,0.4609,0.4569,346250,0.4274,0.4274,0.1934,0.469,0.4862,0.4732,554260644.0,53,0,353934.0,53.0,53.0,65.33,58.66,53.0,0.5096,0,0,0,4,0,0,0.5937,0.46466,0.665275,4.0,0.153978,-0.816741,0.6631,0.52758,0.74015,4.0,0.62845,0.50121,0.700325,4.0,0
125,9,0.683982109,1600,16,81149,2536.0,2549.0,125.31,124.92,12,0.7458,0.7097,163487,0.7154,0.7097,0.5071,0.7333,0.8073,0.7857,1478794240.0,88,68,960256.0,88.0,88.0,108.47,97.39,88.0,0.9072,0,0,0,7,0,0,0.68485,0.70873,0.6975,7.0,0.103961,-1.196648,0.76365,0.79657,0.7605,7.0,0.68485,0.70873,0.698371,7.0,1
125,9,0.833499613,1600,16,79202,2478.0,9486.0,126.74,125.32,12,0.6992,0.6992,17109722,0.6992,0.6935,0.4595,0.7167,0.7679,0.7611,1737172480.0,86,65,946688.0,86.0,86.0,86.0,86.0,86.0,0.9053,0,0,0,6,0,0,0.70675,0.69415,0.70365,6.0,0.048922,0.773773,0.78395,0.77111,0.778583,6.0,0.7096,0.69928,0.7267,6.0,0
123,9,0.09735636,1600,16,8563,7546.0,2112.0,124.0,123.12,12,0.8049,0.8049,9397255,0.8049,0.7984,0.5899,0.8462,0.8839,0.8761,2138970240.0,99,70,1215324.0,99.0,99.0,122.03,109.56,99.0,0.9429,0,0,0,3,0,0,0.7692,0.78856,0.757067,3.0,0.040207,1.083204,0.84195,0.87551,0.821967,3.0,0.77245,0.79441,0.761133,3.0,0
122,9,0.530776497,1600,16,85131,472.0,2559.0,123.0,122.18,12,0.8214,0.7931,272704,0.7419,0.7419,0.5736,0.8142,0.8598,0.844,1649870592.0,92,63,1049536.0,92.0,92.0,92.0,92.0,92.0,0.9583,0,0,0,3,0,0,0.71095,0.73771,0.709033,3.0,0.058357,-0.863251,0.7999,0.85382,0.779,3.0,0.74655,0.79379,0.7367,3.0,0
125,9,0.32911553,1600,16,81582,2574.0,335.0,123.72,124.46,12,0.8087,0.7881,2482151,0.7881,0.7881,0.5463,0.7881,0.8017,0.8017,1358584920.0,93,51,1029231.0,93.0,93.0,93.0,93.0,93.0,0.8692,0,0,0,5,0,0,0.75405,0.77929,0.74192,5.0,0.047904,-0.675267,0.80085,0.80153,0.80934,5.0,0.77405,0.78929,0.77022,5.0,0
125,9,0.990688494,1600,16,84020,1379.0,7343.0,126.94,125.71,12,0.7589,0.7328,1040773,0.6855,0.6855,0.5252,0.7522,0.7798,0.7589,1508652250.0,85,46,960925.0,85.0,85.0,104.77,94.07,85.0,0.8333,0,0,0,5,0,0,0.69275,0.68695,0.70406,5.0,0.035772,0.682438,0.7799,0.78182,0.7703,5.0,0.7364,0.73952,0.73012,5.0,0
125,9,0.361113013,1600,16,3659,7204.0,482.0,126.0,125.35,12,0.7143,0.68,610448,0.68,0.68,0.4734,0.7143,0.7522,0.7265,2050455000.0,85,52,932025.0,85.0,85.0,85.0,85.0,85.0,0.8095,0,0,0,3,0,0,0.71,0.692,0.722967,3.0,0.07429,0.883196,0.7661,0.75698,0.7762,3.0,0.72,0.692,0.726567,3.0,0
133,9,0.88773134,1600,16,1721,6859.0,1713.0,133.38,133.39,12,0.7679,0.7414,1548136,0.6935,0.6935,0.5538,0.7611,0.8037,0.789,1592832144.0,86,58,1013252.0,86.0,86.0,86.0,86.0,86.0,0.9773,0,0,0,4,0,0,0.65675,0.69415,0.617175,4.0,0.100598,-0.52522,0.73185,0.80333,0.6674,4.0,0.6807,0.73726,0.630725,4.0,0
129,9,0.616940584,1600,16,83241,128.0,1723.0,132.63,129.63,12,0.7414,0.7288,340464,0.7288,0.7288,0.53,0.7288,0.7611,0.7544,1317967200.0,86,48,998460.0,86.0,86.0,106.0,95.18,86.0,0.9149,0,0,0,3,0,0,0.6844,0.73592,0.6676,3.0,0.163737,-0.794883,0.72055,0.76499,0.714833,3.0,0.6944,0.73592,0.683467,3.0,0
119,8,0.120317846,1900,16,6901,772.0,1724.0,118.48,118.5,11,0.8783,0.8707,820907,0.8145,0.8145,0.63,0.8559,0.8938,0.886,1805148558.0,101,64,1152713.0,101.0,101.0,124.49,111.78,101.0,0.9352,0,0,0,43,0,0,0.78725,0.80305,0.786128,43.0,0.076421,-0.820657,0.8569,0.88442,0.856916,43.0,0.81535,0.85363,0.803514,43.0,0
115,8,0.873668262,1900,16,2456,689.0,85.0,121.72,116.31,11,0.6911,0.6911,1663785,0.6911,0.6855,0.4488,0.7143,0.7798,0.7522,1627648000.0,85,35,924800.0,85.0,85.0,104.77,94.07,85.0,0.7944,0,0,0,35,0,0,0.76275,0.69695,0.76468,35.0,0.144069,-1.613178,0.8499,0.79182,0.826163,35.0,0.79555,0.71199,0.78566,35.0,0
120,8,0.984136788,1900,16,3793,392.0,1492.0,125.67,121.34,11,0.8571,0.816,77740,0.816,0.816,0.7081,0.8644,0.887,0.887,3067099200.0,102,76,1394136.0,102.0,102.0,142.75,120.05,102.0,0.9444,0,0,0,33,0,0,0.778,0.8144,0.702488,33.0,0.209477,-1.318216,0.8535,0.8883,0.787088,33.0,0.798,0.8144,0.731861,33.0,0
124,8,0.415930975,1900,16,387,2537.0,1321.0,125.28,124.13,11,0.5366,0.5366,3952581,0.5366,0.5323,0.2643,0.5546,0.6055,0.5841,960498000.0,66,0,544500.0,66.0,66.0,81.35,73.04,66.0,0.6168,0,0,0,24,0,0,0.66615,0.55907,0.712113,24.0,0.179803,-1.399168,0.74275,0.63495,0.821313,23.0,0.6983,0.57294,0.738942,24.0,0
118,8,0.920296475,1900,16,85921,34.0,944.0,116.51,117.6,11,0.8917,0.8699,17197,0.8699,0.8629,0.6335,0.8843,0.9304,0.9304,2297127360.0,107,81,1305186.0,107.0,107.0,131.89,118.42,107.0,0.9817,0,0,0,38,0,0,0.81145,0.84661,0.758537,38.0,0.082722,-1.064516,0.8852,0.91736,0.858818,38.0,0.82495,0.85291,0.778911,38.0,1
125,8,0.458650119,1900,16,81425,633.0,36.0,124.13,124.56,11,0.0,0.0,71675,0.0,0.0,0.6436,0.0,,,1789609360.0,0,65,1162084.0,0.0,0.0,0.0,0.0,98.0,0.9417,0,0,0,16,0,0,0.08,0.0,0.194794,16.0,0.337638,1.050595,,,,,0.08,0.0,0.195588,16.0,0
117,8,0.045457702,1900,16,83442,1517.0,1109.0,118.85,117.02,11,0.624,0.624,766510,0.624,0.624,0.3585,0.65,0.7222,0.6667,1552636800.0,78,35,705744.0,78.0,78.0,96.14,86.32,78.0,0.8125,0,0,0,10,0,0,0.672,0.6316,0.743,10.0,0.067313,0.389293,0.7811,0.73998,0.83567,10.0,0.682,0.6416,0.76996,10.0,0
130,8,0.349005237,1900,16,12780,7547.0,51.0,125.13,128.79,11,0.7377,0.7377,9435066,0.7317,0.7258,0.5047,0.7317,0.7317,0.7317,1471932000.0,90,50,955800.0,90.0,90.0,90.0,90.0,90.0,0.8257,0,0,0,3,0,0,0.7829,0.74322,0.803467,3.0,0.059507,0.396187,0.79585,0.74853,0.817267,3.0,0.79885,0.75393,0.812167,3.0,0
125,8,0.047574706,1900,16,11184,3062.0,3142.0,124.41,124.68,11,0.72,0.72,463744,0.72,0.72,0.4978,0.75,0.8333,0.7692,2156220000.0,90,72,980100.0,90.0,90.0,110.93,99.6,90.0,0.9375,0,0,0,15,0,0,0.53,0.708,0.24858,15.0,0.35281,0.900493,0.76665,0.81997,0.513767,3.0,0.54,0.708,0.25062,15.0,0
121,8,0.851338184,1900,16,83241,934.0,1680.0,121.67,121.36,11,0.9643,0.931,1256329,0.871,0.871,0.7968,0.9474,1.0,0.9643,2291976000.0,108,82,1458000.0,108.0,108.0,108.0,108.0,108.0,1.0,0,0,0,10,0,0,0.8555,0.8639,0.77596,10.0,0.094795,-0.7739,0.95,0.99,0.85944,10.0,0.8955,0.9279,0.79786,10.0,0
127,8,0.876920026,1900,16,7818,3537.0,1845.0,127.12,127.25,11,0.5447,0.5447,860777,0.5447,0.5403,0.2832,0.5447,0.5982,0.5929,1029417480.0,67,0,583570.0,67.0,67.0,82.58,74.15,67.0,0.6262,0,0,0,11,0,0,0.67015,0.56627,0.759382,11.0,0.097249,-0.895235,0.7391,0.62838,0.822709,11.0,0.69235,0.57023,0.775236,11.0,0
124,10,0.178005594,1300,16,78252,6544.0,2020.0,125.52,124.55,13,0.6983,0.6864,530215,0.6864,0.6864,0.4528,0.6923,0.7232,0.7105,1122455880.0,81,18,852930.0,81.0,81.0,81.0,81.0,81.0,0.7714,0,0,0,65,0,0,0.7332,0.69776,0.764386,65.0,0.124844,-1.563418,0.7916,0.74088,0.83332,64.0,0.7432,0.69776,0.771277,65.0,0
129,10,0.005096772,1300,16,82768,3063.0,3656.0,125.9,128.17,13,0.7265,0.7265,233336,0.7203,0.7203,0.4602,0.7265,0.7798,0.7456,1144440000.0,85,49,867000.0,85.0,85.0,95.92,90.13,85.0,0.8763,0,0,0,75,0,0,0.78015,0.73827,0.794779,75.0,0.139772,-1.696207,0.8599,0.80182,0.844833,67.0,0.80325,0.74385,0.801745,75.0,0
122,10,0.426209937,1300,16,79115,935.0,3555.0,121.97,121.76,13,0.8103,0.7966,724120,0.7966,0.7966,0.5582,0.8034,0.8246,0.8246,1387958880.0,94,45,1051484.0,94.0,94.0,115.86,104.03,94.0,0.8785,0,0,0,84,0,0,0.7883,0.78694,0.768271,84.0,0.071768,-0.961972,0.8423,0.82214,0.835856,84.0,0.7983,0.78694,0.775567,84.0,0
126,10,0.578620153,1300,16,81149,2538.0,1714.0,122.85,125.37,13,0.8814,0.8814,1574773,0.8814,0.8814,0.689,0.8889,0.9123,0.9123,1713254400.0,104,68,1297920.0,104.0,104.0,128.19,115.1,104.0,1.0,0,0,0,66,0,0,0.8307,0.87326,0.773141,66.0,0.073702,-0.685917,0.88615,0.91107,0.845323,64.0,0.8407,0.87326,0.795564,66.0,0
125,10,0.156241505,1300,16,78223,1594.0,7306.0,123.49,124.76,13,0.7542,0.7542,770663,0.7542,0.7542,0.5172,0.7542,0.8091,0.7807,1286053560.0,89,41,974283.0,89.0,89.0,89.0,89.0,89.0,0.8641,0,0,0,51,0,0,0.7071,0.72878,0.780827,51.0,0.076688,-1.243121,0.75455,0.78819,0.835975,51.0,0.7071,0.72878,0.786808,51.0,0
126,10,0.784999206,1300,16,82384,690.0,1110.0,124.84,125.65,13,0.6724,0.661,753670,0.661,0.661,0.394,0.661,0.7091,0.6842,981994104.0,78,0,742248.0,78.0,78.0,78.0,78.0,78.0,0.7156,0,0,0,50,0,0,0.7205,0.6649,0.778612,50.0,0.065447,-1.083257,0.77455,0.71819,0.866635,49.0,0.7305,0.6649,0.807272,50.0,0
120,10,0.167472677,1300,16,83607,330.0,1855.0,130.89,123.58,13,0.8276,0.8136,155199,0.8136,0.8136,0.7778,0.8136,0.8421,0.8421,1928392704.0,96,66,1465344.0,96.0,96.0,96.0,96.0,96.0,0.9897,0,0,0,69,0,0,0.7968,0.81224,0.780107,69.0,0.089285,-1.28839,0.84105,0.83789,0.838091,69.0,0.8068,0.81224,0.787242,69.0,0
128,10,0.24187604,1300,16,393,7205.0,568.0,128.68,128.33,13,0.7692,0.7692,2659073,0.7627,0.7627,0.5676,0.7692,0.7895,0.7895,1407067200.0,90,60,1069200.0,90.0,90.0,90.0,90.0,90.0,0.9474,0,0,0,24,0,0,0.79135,0.76643,0.799888,24.0,0.083696,-1.383039,0.83475,0.80055,0.850254,24.0,0.8046,0.77228,0.805179,24.0,1
121,10,0.101502954,1300,16,8563,634.0,2548.0,122.56,121.29,13,0.822,0.7823,765,0.7886,0.7823,0.6161,0.8509,0.8818,0.8661,1796742640.0,97,63,1166716.0,97.0,97.0,119.56,107.35,97.0,0.9898,0,0,0,37,0,0,0.78115,0.78407,0.764984,37.0,0.062275,-1.116459,0.8909,0.88362,0.85547,37.0,0.78115,0.78407,0.78023,37.0,0
130,10,0.662325203,1300,16,80125,7548.0,609.0,124.78,128.82,13,0.7797,0.7797,87521,0.7797,0.7797,0.5302,0.7797,0.8364,0.807,1318352640.0,92,49,998752.0,92.0,92.0,92.0,92.0,92.0,0.8932,0,0,0,41,0,0,0.78985,0.78173,0.784817,41.0,0.053248,-0.838331,0.8682,0.84276,0.859573,41.0,0.79985,0.78173,0.798951,41.0,0
130,10,0.589584851,1300,16,82768,4569.0,3657.0,127.79,129.53,13,0.7881,0.7881,2020482,0.7881,0.7881,0.5739,0.7881,0.8455,0.8158,1427085000.0,93,53,1081125.0,93.0,93.0,93.0,93.0,93.0,0.9029,0,0,0,13,0,0,0.78405,0.78929,0.788338,13.0,0.039606,0.237853,0.85275,0.84095,0.854454,13.0,0.79405,0.78929,0.798369,13.0,0
130,10,0.032996235,1300,16,78,5952.0,1025.0,128.03,129.88,13,0.906,0.906,5423516,0.8983,0.8983,0.7754,0.906,0.9725,0.9464,1922254880.0,106,74,1460680.0,106.0,106.0,106.0,106.0,106.0,1.0,0,0,0,13,0,0,0.87915,0.89847,0.782985,13.0,0.087555,-0.606209,0.93625,0.96525,0.864331,13.0,0.883,0.9054,0.802262,13.0,0
121,10,0.720975027,1300,16,85811,157.0,28.0,120.33,120.6,13,0.8448,0.8305,68036,0.8305,0.8305,0.5914,0.8376,0.8596,0.8596,1470564480.0,98,59,1114064.0,98.0,98.0,120.79,108.46,98.0,0.9159,0,0,0,15,0,0,0.79525,0.81745,0.788933,15.0,0.058573,-0.608869,0.8498,0.86364,0.846764,14.0,0.80525,0.82745,0.807913,15.0,0
116,8,0.671131562,2700,16,78,773.0,304.0,118.42,116.59,8,0.0,0.0,2100330,0.0,0.0,0.4992,0.0,,,1768739280.0,0,38,669977.0,0.0,0.0,0.0,0.0,77.0,,0,0,0,35,0,0,0.01,0.0,0.359617,35.0,0.372415,0.4554,0.43,0.08,0.78045,14.0,0.01,0.0,0.377357,35.0,0
122,8,0.803482031,2700,16,84416,6545.0,997.0,122.62,121.68,8,0.7611,0.7611,5483809,0.7611,0.7611,0.5262,0.819,0.9663,0.7818,2181501972.0,86,74,865332.0,86.0,86.0,97.05,91.19,86.0,0.9556,0,0,0,35,0,0,0.74055,0.75499,0.737849,35.0,0.083355,-0.474586,0.87315,0.94967,0.828297,35.0,0.75055,0.75499,0.762126,35.0,0
116,8,0.400364887,2700,16,14522,1908.0,4953.0,124.07,117.23,8,0.735,0.735,32268,0.7049,0.6615,0.4554,0.735,0.8037,0.7478,2499256320.0,86,45,946688.0,86.0,86.0,113.64,98.44,86.0,0.835,0,0,0,24,0,0,0.72075,0.67535,0.731617,24.0,0.084283,-1.018036,0.82185,0.80333,0.820496,24.0,0.7675,0.7415,0.766363,24.0,0
127,8,0.816315525,2700,16,3659,2245.0,710.0,129.89,127.82,8,0.8261,0.8261,408301,0.8261,0.7917,0.6314,0.7917,0.8559,0.8407,3798803000.0,95,73,1227400.0,95.0,95.0,132.95,111.81,95.0,0.9406,0,0,0,13,0,0,0.77585,0.78253,0.769123,13.0,0.068638,-0.872676,0.82795,0.85031,0.833838,13.0,0.80305,0.82349,0.786569,13.0,0
127,8,0.906711266,2700,16,13689,936.0,29.0,129.07,127.58,8,0.754,0.754,83346,0.7787,0.7308,0.5774,0.7308,0.8051,0.8051,3168858000.0,95,68,1200325.0,95.0,95.0,107.2,100.73,95.0,0.9794,0,0,0,9,0,0,0.7254,0.71772,0.791556,9.0,0.084431,-1.06056,0.78255,0.78459,0.859356,9.0,0.747,0.7386,0.813422,9.0,0
117,8,0.791039297,2700,16,2456,5953.0,1009.0,120.5,117.7,8,0.864,0.864,5446952,0.864,0.864,0.7346,0.9076,0.9818,0.9391,3181939200.0,108,75,1446336.0,108.0,108.0,108.0,108.0,108.0,1.0,0,0,0,15,0,0,0.852,0.8576,0.760393,15.0,0.107558,-1.071009,0.9409,0.97362,0.840513,15.0,0.862,0.8676,0.771913,15.0,1
127,8,0.732780812,2700,16,82384,1518.0,2596.0,125.26,126.79,8,0.8305,0.8099,79042,0.8235,0.8099,0.633,0.8376,0.875,0.8673,2734835040.0,98,81,1210104.0,98.0,98.0,120.79,108.46,98.0,0.9333,0,0,0,13,0,0,0.81495,0.80891,0.787162,13.0,0.045317,-0.549847,0.9075,0.8875,0.882362,13.0,0.82495,0.81891,0.803662,13.0,0
129,8,0.421179735,2700,16,1078,7206.0,2989.0,128.85,128.93,8,0.832,0.832,11698464,0.832,0.832,0.7032,0.8387,0.9043,0.8889,3055476736.0,104,89,1384448.0,104.0,104.0,137.43,119.05,104.0,0.9905,0,0,0,7,0,0,0.806,0.8188,0.789929,7.0,0.058174,0.843991,0.88215,0.89387,0.877786,7.0,0.816,0.8288,0.818157,7.0,0
152,8,0.008044511,4800,10,13970,1026.0,205.0,152.25,152.2,8,0.0,0.0,1746584,0.0,0.0,0.6106,0.0,0.0,0.0,,0,0,,0.0,0.0,0.0,0.0,,,0,0,0,3,0,0,0.0,0.0,0.0,3.0,0.0,,0.0,0.0,0.0,3.0,0.0,0.0,0.0,3.0,0
145,8,0.372512339,4800,10,80153,2975.0,71.0,147.27,145.68,8,0.0,0.0,675582,0.0,0.0,0.3794,0.0,0.0,0.0,7910622720.0,0,0,1498224.0,0.0,0.0,0.0,0.0,98.0,,0,0,0,15,0,0,0.04,0.0,0.345686,14.0,0.342305,0.590921,0.05,0.0,0.461779,14.0,0.05,0.0,0.426479,14.0,0
149,8,0.645647169,4800,10,82608,572.0,2201.0,149.39,149.03,8,0.6,0.6,385652,0.5639,0.2027,0.0392,0.2027,0.625,0.625,2950200000.0,75,68,838125.0,103.51,87.68,104.96,88.27,75.0,0.7143,0,0,0,7,0,0,0.20135,0.18243,0.31386,5.0,0.314566,0.690577,0.4225,0.5625,0.516117,6.0,0.41,0.54,0.41276,5.0,0
145,8,0.285241179,4800,10,13164,1636.0,3752.0,145.88,145.5,8,0.7913,0.7913,124520,0.7,0.7,0.502,0.728,0.8426,0.8349,6739823090.0,91,56,1250431.0,137.35,111.1,149.9,115.92,91.0,0.9192,0,0,0,8,0,0,0.59,0.68,0.438413,8.0,0.246693,-0.84065,0.7113,0.81834,0.61235,8.0,0.63565,0.76217,0.504588,8.0,0
147,8,0.403469469,4800,10,12612,161.0,4864.0,150.51,147.71,8,0.8261,0.8261,3797623,0.7983,0.7983,0.6124,0.8636,0.9048,0.7983,7185524500.0,95,122,1389850.0,146.14,117.06,165.97,124.51,95.0,0.9896,0,0,0,15,0,0,0.75915,0.79847,0.648487,15.0,0.288117,-1.00779,0.8524,0.90432,0.816,15.0,0.77305,0.82349,0.694127,15.0,0
152,8,0.593519585,4800,10,14507,7240.0,1136.0,151.88,152.17,8,0.7611,0.7611,19754700,0.7414,0.7288,0.4928,0.7288,0.7748,0.7414,4760953120.0,86,92,1138984.0,118.69,100.54,136.95,107.76,86.0,0.9556,0,0,0,4,0,0,0.6844,0.71592,0.670975,4.0,0.034533,1.328434,0.7474,0.76732,0.743925,4.0,0.71055,0.74499,0.7032,4.0,0
152,9,0.92562022,4200,10,169,2876.0,3749.0,154.62,151.96,7,0.7479,0.7295,444912,0.6953,0.6953,0.4438,0.7739,0.7876,0.7479,6273432000.0,89,91,1188150.0,148.55,114.09,136.49,109.5,89.0,0.8725,0,0,0,59,0,0,0.56765,0.67577,0.431973,59.0,0.369605,-0.351441,0.6338,0.76884,0.561334,59.0,0.59475,0.71655,0.479693,59.0,1
145,9,0.77595993,4200,10,14507,305.0,1137.0,147.57,145.39,7,0.675,0.675,3757171,0.6279,0.6279,0.3602,0.675,0.7232,0.6807,3631644720.0,81,86,971028.0,111.79,94.69,124.22,99.66,81.0,0.9643,0,0,0,6,0,0,0.52395,0.61511,0.520633,6.0,0.238728,-1.171719,0.6116,0.71088,0.602883,6.0,0.5575,0.6575,0.5416,6.0,0
147,9,0.412656974,4200,10,8423,352.0,175.0,145.82,146.74,7,0.8319,0.8319,60371,0.8103,0.7966,0.5543,0.7966,0.8468,0.8468,5355499600.0,94,83,1281220.0,129.73,109.89,149.69,117.79,94.0,0.9126,0,0,0,31,0,0,0.6483,0.76694,0.494384,31.0,0.27309,-0.730895,0.7734,0.83212,0.721132,31.0,0.67595,0.80871,0.60599,31.0,0
145,9,0.018962858,4200,10,78605,12.0,532.0,146.56,145.32,7,0.0,0.0,136610,0.0,0.0,0.3873,0.0,0.0,0.0,3864729000.0,0,0,1033350.0,0.0,0.0,0.0,0.0,83.0,0.0,0,0,0,19,0,0,0.27,0.06,0.243842,19.0,0.322252,0.845102,0.31,0.08,0.438311,9.0,0.28,0.07,0.250779,19.0,0
154,9,0.856843402,4200,10,78932,468.0,766.0,151.67,153.51,7,0.6583,0.6583,185841,0.6124,0.6124,0.3449,0.6583,0.7383,0.7117,3477859660.0,79,59,929909.0,109.03,92.35,121.15,97.2,79.0,0.8229,0,0,0,28,0,0,0.6462,0.62116,0.466989,28.0,0.261007,-0.851494,0.76915,0.74447,0.642246,28.0,0.67915,0.66247,0.568354,28.0,0
152,9,0.510564112,4200,10,81266,1027.0,467.0,150.75,151.16,7,0.8034,0.7581,3776853,0.7769,0.7581,0.5323,0.8624,0.8624,0.8174,5382714480.0,94,81,1254712.0,152.22,118.75,131.55,110.64,94.0,0.8952,0,0,0,9,0,0,0.68905,0.75229,0.550456,9.0,0.30998,-1.01254,0.7812,0.85616,0.617956,9.0,0.69905,0.75229,0.554878,9.0,0
152,9,0.348107347,4200,10,80502,3581.0,1591.0,154.79,152.44,7,0.7699,0.7699,3782659,0.75,0.7373,0.5108,0.7373,0.7838,0.7838,4935593520.0,87,72,1180764.0,120.07,101.71,138.55,109.02,87.0,0.8365,0,0,0,12,0,0,0.71865,0.73357,0.546817,12.0,0.283284,-1.047311,0.8019,0.78542,0.665608,12.0,0.74495,0.76291,0.596142,12.0,0
155,8,0.044540407,3600,10,80502,1320.0,14.0,156.29,155.31,5,0.5246,0.512,14189051,0.4812,0.173,0.0303,0.4961,0.5378,0.5333,2278031360.0,64,52,647168.0,96.6,78.14,89.57,75.33,64.0,0.6598,0,0,0,43,0,0,0.1765,0.1657,0.355935,43.0,0.329804,0.691212,0.4789,0.52402,0.696448,33.0,0.456,0.5008,0.479951,43.0,0
163,8,0.148575362,3600,10,9482,7241.0,5201.0,159.65,162.03,5,0.6068,0.5726,19549653,0.5868,0.5726,0.3251,0.6068,0.6574,0.6174,3287135280.0,71,62,766232.0,113.12,88.99,108.88,87.36,71.0,0.7474,0,0,0,15,0,0,0.4363,0.52534,0.49724,15.0,0.301815,-0.843375,0.4987,0.60166,0.634787,15.0,0.4463,0.52534,0.55158,15.0,0
166,8,0.566112144,3600,10,12290,6953.0,5416.0,160.76,165.07,5,0.736,0.736,14035872,0.6917,0.2486,0.0622,0.2486,0.7731,0.7731,4677544960.0,92,93,1328848.0,138.86,112.32,151.55,117.19,92.0,0.8598,0,0,0,12,0,0,0.3743,0.29374,0.557925,12.0,0.275066,-0.904707,0.67655,0.76579,0.734442,12.0,0.618,0.7324,0.605917,12.0,0
165,8,0.227328464,3600,10,80502,3582.0,1592.0,160.44,164.51,5,0.8455,0.8455,281673,0.8254,0.8254,0.7048,0.8455,0.9369,0.8814,6321194880.0,104,117,1741376.0,156.97,126.97,152.84,125.34,104.0,0.9905,0,0,0,4,0,0,0.7227,0.81286,0.64985,4.0,0.235415,-1.03114,0.88845,0.92321,0.86205,4.0,0.75275,0.83095,0.669125,4.0,1
160,8,0.776975981,3600,10,4724,680.0,447.0,152.14,158.23,5,0.8276,0.8136,838622,0.8,0.8,0.5802,0.8348,0.9505,0.8348,6477926400.0,96,113,1308672.0,157.88,122.19,141.09,115.7,96.0,0.9505,0,0,0,12,0,0,0.71,0.81,0.4731,12.0,0.308115,-0.585856,0.84525,0.94545,0.662192,12.0,0.7268,0.82224,0.555642,12.0,0
152,7,0.425365653,4200,10,75880,7242.0,1138.0,156.08,153.25,7,0.8824,0.8824,3757171,0.875,0.875,0.8267,0.8898,0.9375,0.9375,8857926000.0,105,111,1830150.0,158.48,128.2,172.97,133.75,105.0,1.0,0,0,0,26,0,0,0.8075,0.8575,0.5963,26.0,0.295913,-1.047036,0.86875,0.92375,0.721765,26.0,0.8212,0.86416,0.668665,26.0,0
